FishID,DateRespo,ExperimentID,Tank,RespoID,Resp.Vol.L,sex,Mass.g,TL.cm,FL.cm,SL.cm,Depth.cm,Curcumference.cm,filename,Ch,BW,t_min,t_max,t_mean,N_mo2,rmr,mmrChase,mmr,AS,mmr_length_cycle,treatm,origin,pregnant,sizeClass,FAS
1-GLTT1,4-Jun,spring,1,R2-12,2.227,F,43,14.5,13.5,11.4,4.6,10.8,jun04_2021_box3_smr1_mgO2L_analyzed_SMR,Ch4,0.043,19.71,20.34,20.01390805,87,0.170803986,0.307476541,0.329332,0.158528013,180,20,field,nP,YOY,1.928128299
1-GLTT1,9-Jun,spring,1,R2-11,2.227,F,43.5,14.4,13.6,11.4,4.8,10.9,jun09_2021_box3_smr1_mgO2L_analyzed_SMR,Ch3,0.0435,11.34,12,11.69979167,48,0.114917188,0.167902468,0.18163013,0.066712942,180,12,field,nP,YOY,1.580530581
1-GLTT1,28-May,spring,1,R2-10,2.227,F,41,14.2,13.5,14.2,4.9,10.6,may28_2021_box2_smr1_mgO2L_analyzed_SMR,Ch2,0.042,15.49,16.48,15.91402439,82,0.117758919,0.182135574,0.232019124,0.114260205,1,16,field,nP,YOY,1.97028918
1-GRDT1,4-Jun,spring,1,R2-9,2.227,M,62.5,16,15.2,13,5.6,12.4,jun04_2021_box3_smr1_mgO2L_analyzed_SMR,Ch1,0.0625,19.71,20.34,20.01390805,87,0.166686921,0.39555607,0.433514055,0.266827134,180,20,field,nP,> YOY,2.600768271
1-GRDT1,9-Jun,spring,1,R2-9,2.227,M,63.5,15.7,15,12.9,5.6,13,jun09_2021_box3_smr1_mgO2L_analyzed_SMR,Ch1,0.0635,11.33,11.98,11.62098592,71,0.129185491,0.221355178,0.221355178,0.092169687,180,12,field,nP,> YOY,1.713467787
1-GRDT1,28-May,spring,1,R2-11,2.227,M,61,15.9,15.1,12.5,5.5,12.5,may28_2021_box3_smr1_mgO2L_analyzed_SMR,Ch1,0.061,15.68,16.39,16.04646341,82,0.120570095,0.26867714,0.27145397,0.150883875,180,16,field,nP,> YOY,2.251420387
1-GRTT1,4-Jun,spring,1,R2-11,2.227,M,35,13.6,12.5,10.5,4.4,10,jun04_2021_box3_smr1_mgO2L_analyzed_SMR,Ch3,0.035,19.71,20.34,20.01402299,87,0.119879882,0.19743769,0.250251242,0.130371361,180,20,field,nP,YOY,2.087516594
1-GRTT1,28-May,spring,1,R2-1,1.95,M,34.5,13.2,12.4,12.4,4.6,10.2,may28_2021_box3_smr1_mgO2L_analyzed_SMR,Ch4,0.0345,15.68,16.39,16.05142857,77,0.084359895,0.164044695,0.164044695,0.0796848,180,16,field,nP,YOY,1.944581546
1-RRTB1,4-Jun,spring,1,R2-10,2.227,F,62.5,16.1,15.3,13.1,5.7,12.4,jun04_2021_box3_smr1_mgO2L_analyzed_SMR,Ch2,0.0625,19.71,20.34,20.01402299,87,0.241781084,0.437917796,0.464154571,0.222373487,180,20,field,nP,> YOY,1.919730705
1-RRTB1,9-Jun,spring,1,R2-12,2.227,F,63,16.1,15.5,13.1,5.3,12.4,jun09_2021_box3_smr1_mgO2L_analyzed_SMR,Ch4,0.063,11.34,11.98,11.63041096,73,0.125384129,0.234465332,0.324603192,0.199219063,180,12,field,nP,> YOY,2.588869854
1-RRTB1,28-May,spring,1,R2-12,2.227,F,61.5,15.2,13,13,5.5,12.3,may28_2021_box3_smr1_mgO2L_analyzed_SMR,Ch2,0.0615,15.68,16.39,16.04597561,82,0.148423847,0.3275042,0.42915277,0.280728924,180,16,field,nP,> YOY,2.891400406
2-GLTB1,3-Jun,spring,2,R2-10,2.227,M,65.5,15.5,15.4,12.9,5.5,12.4,jun03_2021_box3_smr1_mgO2L_analyzed_SMR,Ch2,0.0655,19.61,20.6,20.01118421,76,0.248544995,0.587553908,0.587553908,0.339008913,180,20,field,nP,> YOY,2.36397401
2-GLTB1,8-Jun,spring,2,R2-10,2.227,M,65.5,15.6,15.5,12.7,5.6,13,jun08_2021_box3_smr1_mgO2L_analyzed_SMR,Ch2,0.0655,11.35,12.46,11.68509091,55,0.092877184,0.276868394,0.30238811,0.209510926,180,12,field,nP,> YOY,3.255784644
2-GLTB1,27-May,spring,2,R2-5,1.95,M,65.5,15.8,15.5,12.9,5.8,12.8,may27_2021_box2_perch_smr1_mgO2L_analyzed_GLUED_n2_SMR,Ch1,0.0755,14.68,16.66,16.13666667,66,0.105501849,0.265595396,0.265595396,0.160093547,1,16,field,nP,> YOY,2.517447789
2-GRTB1,3-Jun,spring,2,R4-2,4.159,M,74,17,16.2,13.5,5.8,13.5,jun03_2021_box2_smr1_mgO2L_analyzed_SMR,Ch3,0.074,19.71,20.55,20.14493827,81,0.265079395,0.37565379,0.537195992,0.272116597,1,20,field,nP,> YOY,2.026547529
2-GRTB1,8-Jun,spring,2,R2-12,2.227,M,73.5,17,16.1,13.6,5.9,13.4,jun08_2021_box3_smr1_mgO2L_analyzed_SMR,Ch4,0.0735,11.35,12.46,11.638375,80,0.100791151,0.225082048,0.252353211,0.15156206,180,12,field,nP,> YOY,2.503723881
2-GRTB1,27-May,spring,2,R2-11,2.227,M,75.5,17.2,16,13.2,6.2,13.6,may27_2021_box3_perch_smr1_mgO2L_analyzed_GLUED_n2_SMR,Ch1,0.0755,15.06,16.54,15.7488,50,0.114745309,0.273594857,0.361462117,0.246716808,180,16,field,nP,> YOY,3.150125448
2-RLDT1,3-Jun,spring,2,R2-12,2.227,F,52.5,15.2,14.5,12,5.1,11.6,jun03_2021_box3_smr1_mgO2L_analyzed_SMR,Ch4,0.0525,19.61,20.6,20.00818182,77,0.174021562,0.464451769,0.464451769,0.290430207,180,20,field,nP,> YOY,2.668932306
2-RLDT1,8-Jun,spring,2,R2-9,2.227,F,53,15.1,14.5,12.4,5.1,12,jun08_2021_box3_smr1_mgO2L_analyzed_SMR,Ch1,0.053,11.35,12.46,11.65369863,73,0.073343458,0.219997903,0.263731744,0.190388286,180,12,field,nP,> YOY,3.595845509
2-RLDT1,27-May,spring,2,R2-1,1.95,F,52,14.9,14.5,12.6,5.4,12,may27_2021_box3_perch_smr1_mgO2L_analyzed_GLUED_n2_SMR,Ch4,0.052,15.06,16.54,15.7541791,67,0.094294511,0.232884573,0.289976413,0.195681902,1,16,field,nP,> YOY,3.075220497
2-RLTB1,3-Jun,spring,2,R2-9,2.227,M,64.5,16.5,15.5,13,5.5,12.6,jun03_2021_box3_smr1_mgO2L_analyzed_SMR,Ch1,0.0645,19.61,20.6,20.00493506,77,0.269741519,0.458074232,0.48601627,0.216274751,180,20,field,nP,> YOY,1.801785175
2-RLTB1,8-Jun,spring,2,R2-11,2.227,M,66.5,16.5,15.5,12.7,5.6,13.2,jun08_2021_box3_smr1_mgO2L_analyzed_SMR,Ch3,0.0665,11.35,12.46,11.64487179,78,0.094303105,0.263985761,0.279184536,0.18488143,180,12,field,nP,> YOY,2.960502042
2-RLTB1,27-May,spring,2,R2-10,2.227,M,65.5,16.6,15.5,13,5.6,12.8,may27_2021_box2_perch_smr1_mgO2L_analyzed_GLUED_n2_SMR,Ch2,0.0615,14.78,16.66,16.25857143,63,0.128573212,0.273902082,0.302096892,0.173523681,180,16,field,nP,> YOY,2.349609909
2-RRTT1,3-Jun,spring,2,R2-11,2.227,M,61.5,15.8,15.5,12.9,5.5,12.5,jun03_2021_box3_smr1_mgO2L_analyzed_SMR,Ch3,0.0615,19.61,20.6,20.00837838,74,0.240408124,0.414219133,0.417242881,0.176834757,180,20,field,nP,> YOY,1.735560653
2-RRTT1,8-Jun,spring,2,R4-1,4.159,M,62.5,15.8,15.5,12.7,5.5,12.7,jun08_2021_box2_smr2_mgO2L_analyzed_SMR,Ch2,0.0625,11.86,12.56,12.12481013,79,0.114736354,NA,0.249665399,0.134929044,NA,12,field,nP,> YOY,2.175992079
2-RRTT1,27-May,spring,2,R2-12,2.227,M,61.5,16,15.2,13,5.6,12.5,may27_2021_box3_perch_smr1_mgO2L_analyzed_GLUED_n2_SMR,Ch2,0.0615,15.07,16.54,15.74557377,61,0.134599528,0.304463513,0.310288708,0.175689181,180,16,field,nP,> YOY,2.305273381
BLDT1,1-Jun,spring,A2,R2-9,2.227,f,105,18.3,17.7,15,6.9,15.2,jun01_2021_box3_smr1_mgO2L_analyzed_GLUED_n2_SMR,Ch1,0.105,15.69,16.45,16.01227273,44,NA,0.51716965,0.51716965,NA,180,16,field,nP,> YOY,NA
BLTB1,1-Jun,spring,A2,R2-12,2.227,F,86,17.9,17.3,14.5,6.1,13.8,jun01_2021_box3_smr1_mgO2L_analyzed_GLUED_n2_SMR,Ch4,0.086,15.62,16.45,15.89890244,82,0.244143112,0.326151489,0.471960981,0.227817869,180,16,field,nP,> YOY,1.933132483
BLTB1,6-Jun,spring,A2,R2-10,2.227,F,84,17.8,17,14.5,6,13.6,jun06_2021_box3_smr1_mgO2L_analyzed_SMR,Ch3,0.084,19.63,20.3,19.99974684,79,0.29969923,0.465471374,0.483521113,0.183821883,180,20,field,nP,> YOY,1.613354537
BLTB1,11-Jun,spring,A2,R2-10,2.227,F,85.5,17.5,17.3,14.6,6,13.6,jun11_2021_box3_smr1_mgO2L_analyzed_SMR,Ch2,0.0855,11.92,12.49,12.18782051,78,0.142783945,0.294296246,0.386082462,0.243298517,180,12,field,nP,> YOY,2.703962711
BLTT1,2-Jun,spring,A1,R2-11,2.227,F,88,17.4,16.5,14.2,6.2,14.1,jun02_2021_box3_smr2_mgO2L_analyzed_GLUED_n2_SMR,Ch3,0.088,15.63,16.33,16.09808219,73,0.193935392,NA,0.45324988,0.259314488,1,16,field,nP,> YOY,2.337117917
BLTT1,7-Jun,spring,A1,R2-12,2.227,F,86.5,17.4,16.5,14.1,6,13.9,jun07_2021_box3_smr1_mgO2L_analyzed_GLUED_n2_SMR,Ch4,0.0865,19.24,20.31,19.89194805,77,0.387457462,0.43674733,0.646413351,0.258955889,180,20,field,nP,> YOY,1.668346631
BLTT1,12-Jun,spring,A1,R2-9,2.227,F,89,17.2,16.6,14,6.3,14.1,jun12_2021_box3_smr1_mgO2L_analyzed_SMR,Ch1,0.089,11.59,12.84,11.8868,75,0.170733492,0.279372742,0.450366642,0.27963315,180,12,field,nP,> YOY,2.637834185
BLTTB1,1-Jun,spring,A2,R4-2,4.159,f,138,21,19.6,16.8,7.2,16.2,jun01_2021_box2_smr1_mgO2L_analyzed_GLUED_n2_SMR,Ch3,0.138,15.72,16.46,15.92506494,77,0.410615697,0.63374057,0.733273914,0.322658218,180,16,field,P,> YOY,1.78579124
BLTTB1,6-Jun,spring,A2,R4-2,4.159,F,137,20.7,19.8,16.9,7.3,16.3,jun06_2021_box2_smr1_mgO2L_analyzed_SMR,Ch3,0.137,19,20.73,20.01567901,81,0.525188573,0.82685893,0.885454099,0.360265526,180,20,field,P,> YOY,1.685973656
BLTTB1,11-Jun,spring,A2,R4-2,4.159,F,135.5,20,19.5,16.7,7,16.2,jun11_2021_box2_smr1_mgO2L_analyzed_SMR,Ch3,0.1355,11.39,11.74,11.583875,80,0.299675803,0.571457859,0.58301621,0.283340407,180,12,field,P,> YOY,1.945489771
GLDT1,2-Jun,spring,A1,R6-1,6.1,F,284.5,25.5,23.9,20.7,9.8,21.5,jun02_2021_box2_smr1_mgO2L_analyzed_GLUED_n2_SMR,Ch1,0.2845,14.92,16.31,15.98693333,75,0.708190498,1.294990201,1.294990201,0.586799703,120,16,field,P,> YOY,1.828590196
GLDT1,7-Jun,spring,A1,R6-1,6.1,F,196,24.5,23,19.8,8.3,19.1,jun07_2021_box2_smr1_mgO2L_analyzed_GLUED_n2_SMR,Ch1,0.196,19.36,20.61,20.22315789,76,NA,0.882060387,0.933950827,NA,180,20,field,P,> YOY,NA
GLTB1,1-Jun,spring,A2,R6-1,6.1,F,214.5,23.5,22.6,19.5,9.5,19.7,jun01_2021_box2_smr1_mgO2L_analyzed_GLUED_n2_SMR,Ch1,0.2145,15.72,16.46,15.93052632,76,0.421715458,0.554972725,0.764748374,0.343032916,180,16,field,P,> YOY,1.813422677
GLTB1,6-Jun,spring,A2,R6-1,6.1,F,216,23,23,19.1,8.6,19.6,jun06_2021_box2_smr1_mgO2L_analyzed_SMR,Ch1,0.216,19,20.73,20.02544304,79,0.600971535,NA,0.857299189,0.256327654,180,20,field,P,> YOY,1.426522121
GLTB1,11-Jun,spring,A2,R6-1,6.1,F,226.5,22.8,22.5,19.3,9,19.5,jun11_2021_box2_smr1_mgO2L_analyzed_SMR,Ch1,0.2265,11.38,11.74,11.582375,80,0.268147898,0.360790638,0.557427868,0.289279971,180,12,field,P,> YOY,2.078807529
GLTT1,2-Jun,spring,A1,R6-2,6.1,F,318,26.5,25,21.9,10.5,22.5,jun02_2021_box2_smr1_mgO2L_analyzed_GLUED_n2_SMR,Ch4,0.318,14.92,16.31,15.97337662,77,0.860159891,0.78476682,1.109191655,0.249031764,1,16,field,P,> YOY,1.289517991
GLTT1,7-Jun,spring,A1,R6-2,6.1,F,248.5,25.9,24.5,21,9.2,20.5,jun07_2021_box2_smr1_mgO2L_analyzed_GLUED_n2_SMR,Ch4,0.2485,19.36,20.67,20.24142857,77,0.955909388,1.22008398,1.433316835,0.477407447,180,20,field,P,> YOY,1.499427512
GRTB1,6-Jun,spring,A2,40-1,32.12,F,711.5,33,33,28.2,12.5,28,jun06_2021_box1_smr1_mgO2L_analyzed_SMR,Ch1,0.7115,19.45,20.31,19.9045679,81,2.082556656,2.669758311,3.14598144,1.063424784,1,20,field,P,> YOY,1.510634263
GRTB1,11-Jun,spring,A2,40-1,32.12,F,684,33,33,28.5,13.1,28.6,jun11_2021_box1_smr1_mgO2L_analyzed_SMR,Ch1,0.684,11.43,12.11,11.7045098,51,1.194442066,2.529965823,2.529965823,1.335523757,180,12,field,P,> YOY,2.11811514
r2-1-BLD,19-Aug,summer-fall,1,6,0.568,M,15.24,10.4,9.7,8.1,3.6,7.8,aug19_2021_box2_SMR1_mgO2L_analyzed_SMR,Ch4,0.01524,15.85,16.51,16.277375,80,0.070795636,0.09528887,0.111007336,0.0402117,180,16,field,nP,YOY,1.567996878
r2-1-BLD,25-Aug,summer-fall,1,1,0.568,M,15.18,10.3,9.7,8.4,3.5,NA,aug25_2021_box1_SMR1_mgO2L_analyzed_SMR,Ch1,0.01518,19.52,20.56,20.21809524,84,0.072912019,NA,0.129623837,0.056711818,NA,20,field,nP,YOY,1.777811656
r2-1-BLD,30-Aug,summer-fall,1,5,0.568,M,16.06,10.4,9.8,8.1,2.5,NA,aug30_2021_box2_smr1_mgO2L_analyzed_SMR,Ch3,0.01606,12.09,12.38,12.20829268,82,0.049009669,0.101446396,0.101446396,0.052436727,180,12,field,nP,YOY,2.069926166
r2-1-BRD,19-Aug,summer-fall,1,G4,0.272,F,6.92,8,7.6,6.3,2.6,NA,aug19_2021_box3_SMR1_mgO2L_analyzed_SMR,Ch4,0.00692,14.86,16.94,15.83179487,78,0.027778784,0.052716634,0.052716634,0.02493785,180,16,field,nP,YOY,1.897730068
r2-1-BRD,25-Aug,summer-fall,1,G1,0.272,F,7.06,8.2,7.8,6.6,2.6,NA,aug25_2021_box3_SMR1_mgO2L_analyzed_SMR,Ch1,0.00706,19.76,20.38,19.99987654,81,0.050841949,0.080065116,0.080065116,0.029223167,180,20,field,nP,YOY,1.574784558
r2-1-BRD,30-Aug,summer-fall,1,G3,0.272,F,7.15,8.2,7.7,6.5,2.6,NA,aug30_2021_box3_smr1_mgO2L_analyzed_SMR,Ch3,0.00715,12.04,12.65,12.16037975,79,0.028167422,0.04656279,0.048094648,0.019927227,180,12,field,nP,YOY,1.707456544
r2-1-BRD,8-Sep,summer-fall,1,G2,0.272,F,7.26,8.1,7.7,6.5,2.8,NA,sep08_2021_box3_SMR1_mgO2L_analyzed_SMR,Ch2,0.00726,21.96,22.89,22.491375,80,NA,0.074253142,0.07542526,NA,180,22,field,nP,YOY,NA
r2-1-GLD,19-Aug,summer-fall,1,5,0.568,M,10.9,9.5,9,7.5,3.1,NA,aug19_2021_box2_SMR1_mgO2L_analyzed_SMR,Ch3,0.0109,15.85,16.51,16.27407407,81,0.04991889,0.068457317,0.086610211,0.036691321,180,16,field,nP,YOY,1.735018758
r2-1-GLD,25-Aug,summer-fall,1,3,0.568,M,10.72,9.6,9,7.6,3,NA,aug25_2021_box2_SMR1_mgO2L_analyzed_SMR,Ch1,0.01072,19.79,20.69,20.49120482,83,0.063113765,0.10725678,0.10725678,0.044143015,180,20,field,nP,YOY,1.699419765
r2-1-GLD,30-Aug,summer-fall,1,6,0.568,M,11.05,9.7,9.3,7.5,3,NA,aug30_2021_box2_smr1_mgO2L_analyzed_SMR,Ch4,0.01105,12.09,12.38,12.20829268,82,0.030811497,0.069446042,0.069446042,0.038634545,180,12,field,nP,YOY,2.253900305
r2-1-GLD,8-Sep,summer-fall,1,2,0.568,M,11.41,9.7,9.2,7.8,3,NA,sep08_2021_box1_smr1_mgO2L_analyzed_SMR,Ch2,0.01141,21.5,22.13,21.77831325,83,0.064485601,0.113067053,0.113067053,0.048581453,180,22,field,nP,YOY,1.753368998
r2-1-GRD,25-Aug,summer-fall,1,G2,0.272,F,8.69,8.7,8.2,6.8,2.8,NA,aug25_2021_box3_SMR1_mgO2L_analyzed_SMR,Ch2,0.00869,19.76,20.38,19.99987654,81,0.056390642,0.065475188,0.084269411,0.02787877,180,20,field,nP,YOY,1.494386457
r2-1-GRD,30-Aug,summer-fall,1,G2,0.272,F,8.81,8.6,8.4,7,2.9,NA,aug30_2021_box3_smr1_mgO2L_analyzed_SMR,Ch2,0.00881,12.04,12.65,12.16037975,79,0.034688316,0.051247169,0.051247169,0.016558853,180,12,field,nP,YOY,1.477361099
r2-1-GRD,8-Sep,summer-fall,1,G4,0.272,F,8.8,8.9,8.4,7,2.9,NA,sep08_2021_box3_SMR1_mgO2L_analyzed_SMR,Ch4,0.0088,21.96,22.89,22.49037037,81,0.062436431,0.082320165,0.085160916,0.022724485,180,22,field,nP,YOY,1.363961956
r2-1-OLD,19-Aug,summer-fall,1,G3,0.272,NA,5.19,7.5,7.1,6,2.4,NA,aug19_2021_box3_SMR1_mgO2L_analyzed_SMR,Ch3,0.00519,14.86,16.94,15.83179487,78,0.023647617,0.035647837,0.040785872,0.017138255,180,16,field,nP,YOY,1.724734975
r2-1-OLD,25-Aug,summer-fall,1,G3,0.272,NA,5.05,7.6,7.1,6,2.2,NA,aug25_2021_box3_SMR1_mgO2L_analyzed_SMR,Ch3,0.00505,19.76,20.38,19.99987654,81,0.04010875,0.056735361,0.060963882,0.020855132,180,20,field,nP,YOY,1.519964639
r2-1-OLD,30-Aug,summer-fall,1,G1,0.272,NA,5.22,7.5,7.2,5.9,2.3,NA,aug30_2021_box3_smr1_mgO2L_analyzed_SMR,Ch1,0.00522,12.04,12.65,12.16037975,79,0.015665257,0.039001046,0.04001579,0.024350533,180,12,field,nP,YOY,2.554429209
r2-1-OLD,8-Sep,summer-fall,1,G1,0.272,NA,5.67,7.7,7.3,6.1,2.3,NA,sep08_2021_box3_SMR1_mgO2L_analyzed_SMR,Ch1,0.00567,21.96,22.89,22.49037037,81,0.049525339,0.071690208,0.071690208,0.022164869,180,22,field,nP,YOY,1.447546044
r2-1-OLTT,19-Aug,summer-fall,1,1,0.568,M,15.18,10.4,9.6,8.2,3.5,NA,aug19_2021_box1_SMR1_mgO2L_analyzed_SMR,Ch1,0.01518,15.74,16.48,16.17182927,82,0.063823936,0.093545581,0.100560844,0.036736908,180,16,field,nP,YOY,1.575597664
r2-1-OLTT,25-Aug,summer-fall,1,4,0.568,M,15.05,10.5,9.7,8.2,3.6,NA,aug25_2021_box2_SMR1_mgO2L_analyzed_SMR,Ch2,0.01505,19.79,20.69,20.49120482,83,0.094247835,0.08898666,0.142496282,0.048248448,1,20,field,nP,YOY,1.511931629
r2-1-OLTT,30-Aug,summer-fall,1,2,0.568,M,15.08,10.2,9.8,8.3,3.6,NA,aug30_2021_box1_smr1_mgO2L_analyzed_SMR,Ch2,0.01508,12.22,12.52,12.38341463,82,0.054003638,0.07159482,0.096178314,0.042174677,180,12,field,nP,YOY,1.780959918
r2-1-OLTT,8-Sep,summer-fall,1,5,0.568,M,16.42,10.6,10.1,8.5,3.5,NA,sep08_2021_box2_smr1_mgO2L_analyzed_SMR,Ch3,0.01642,21.48,23.64,22.08253012,83,0.08669539,0.1252757,0.159926376,0.073230986,1,22,field,nP,YOY,1.844692973
r2-1-ORTT,19-Aug,summer-fall,1,4,0.568,M,12.23,9.6,9.2,7.8,3.2,NA,aug19_2021_box2_SMR1_mgO2L_analyzed_SMR,Ch2,0.01223,15.85,16.51,16.27407407,81,0.06273952,0.083908337,0.095708502,0.032968982,1,16,field,nP,YOY,1.525489861
r2-1-ORTT,25-Aug,summer-fall,1,2,0.568,M,11.98,9.7,9.3,8,3.1,NA,aug25_2021_box1_SMR1_mgO2L_analyzed_SMR,Ch2,0.01198,19.52,20.56,20.21797619,84,0.087382096,0.08217977,0.126473734,0.039091639,180,20,field,nP,YOY,1.447364397
r2-1-ORTT,30-Aug,summer-fall,1,3,0.568,M,12.68,9.7,9.3,7.8,3.1,NA,aug30_2021_box2_smr1_mgO2L_analyzed_SMR,Ch1,0.01268,12.09,12.38,12.20829268,82,0.034719695,0.079520019,0.079520019,0.044800324,180,12,field,nP,YOY,2.290343251
r2-1-ORTT,8-Sep,summer-fall,1,3,0.568,M,13.06,10,9.5,8.2,3.2,NA,sep08_2021_box2_smr1_mgO2L_analyzed_SMR,Ch1,0.01306,21.48,23.64,22.07865854,82,0.073393368,0.123875226,0.135534103,0.062140735,180,22,field,nP,YOY,1.846680529
r2-1-RLD,19-Aug,summer-fall,1,G1,0.272,M,7.33,8.2,7.7,6.4,2.5,NA,aug19_2021_box3_SMR1_mgO2L_analyzed_SMR,Ch1,0.00733,14.86,16.94,15.83179487,78,0.035887451,0.044506798,0.059895143,0.024007692,180,16,field,nP,YOY,1.66897178
r2-1-RLD,25-Aug,summer-fall,1,G4,0.272,M,7.13,8.4,7.9,6.6,2.5,NA,aug25_2021_box3_SMR1_mgO2L_analyzed_SMR,Ch4,0.00713,19.76,20.38,19.99987654,81,0.047472303,0.058891953,0.07144977,0.023977466,180,20,field,nP,YOY,1.505083273
r2-1-RLD,30-Aug,summer-fall,1,G4,0.272,M,7.45,8.5,8.2,6.7,2.8,NA,aug30_2021_box3_smr1_mgO2L_analyzed_SMR,Ch4,0.00745,12.04,12.65,12.16037975,79,0.025695078,0.043908364,0.046187703,0.020492626,180,12,field,nP,YOY,1.797531176
r2-1-RLD,8-Sep,summer-fall,1,G3,0.272,M,7.78,8.5,8,6.8,2.6,NA,sep08_2021_box3_SMR1_mgO2L_analyzed_SMR,Ch3,0.00778,21.96,22.89,22.49037037,81,0.056163652,0.075270388,0.075965586,0.019801934,180,22,field,nP,YOY,1.352575613
r2-1-RRD,19-Aug,summer-fall,1,2,0.568,F,19.47,10.4,9.9,8.4,3.5,NA,aug19_2021_box1_SMR1_mgO2L_analyzed_SMR,Ch2,0.01947,15.74,16.48,16.17222222,81,0.07870696,NA,0.119442973,0.040736013,NA,16,field,nP,YOY,1.517565575
r2-1-RRD,25-Aug,summer-fall,1,6,0.568,F,15.79,10.6,9.9,8.5,3.4,NA,aug25_2021_box2_SMR1_mgO2L_analyzed_SMR,Ch4,0.01579,19.79,20.69,20.49120482,83,0.098099308,0.07802894,0.11874203,0.020642723,1,20,field,nP,YOY,1.210426794
r2-1-RRD,30-Aug,summer-fall,1,4,0.568,F,16.22,10.5,10,8.4,3.5,NA,aug30_2021_box2_smr1_mgO2L_analyzed_SMR,Ch2,0.01622,12.09,12.38,12.20829268,82,0.049441298,0.097811804,0.097811804,0.048370505,180,12,field,nP,YOY,1.978342134
r2-1-RRD,8-Sep,summer-fall,1,1,0.568,F,17.01,10.7,10,8.6,3.5,NA,sep08_2021_box1_smr1_mgO2L_analyzed_SMR,Ch1,0.01701,21.5,22.13,21.77831325,83,0.104750767,0.169840239,0.17305146,0.068300693,180,22,field,nP,YOY,1.652030478
r2-1-RRTT,19-Aug,summer-fall,1,3,0.568,F,13.12,9.8,9.6,7.9,3.3,NA,aug19_2021_box2_SMR1_mgO2L_analyzed_SMR,Ch1,0.01312,15.85,16.51,16.27407407,81,0.072853681,0.083197042,0.109051404,0.036197723,1,16,field,nP,YOY,1.496855106
r2-1-RRTT,25-Aug,summer-fall,1,5,0.568,F,13.5,10,9.5,8.1,3.3,NA,aug25_2021_box2_SMR1_mgO2L_analyzed_SMR,Ch3,0.0135,19.79,20.69,20.49120482,83,0.074882672,0.104663141,0.127700075,0.052817403,180,20,field,nP,YOY,1.705335448
r2-1-RRTT,30-Aug,summer-fall,1,1,0.568,F,13.72,10,9.5,8,3.3,NA,aug30_2021_box1_smr1_mgO2L_analyzed_SMR,Ch1,0.01372,12.22,12.52,12.38445783,83,0.04067661,0.062763764,0.079964518,0.039287908,180,12,field,nP,YOY,1.96585995
r2-1-RRTT,8-Sep,summer-fall,1,4,0.568,F,13.79,10.2,9.7,8.4,3.3,NA,sep08_2021_box2_smr1_mgO2L_analyzed_SMR,Ch2,0.01379,21.48,23.64,22.17688889,45,0.083002507,0.138411576,0.142037463,0.059034956,180,22,field,nP,YOY,1.711243039
r2-2-BLD-BLD,21-Aug,summer-fall,2,10,2.208,F,66,16.1,15.9,13.5,5.7,12.5,aug21_2021_box1_smr1_mgO2L_analyzed_SMR,Ch2,0.066,16.07,16.38,16.15925,80,0.217380023,0.479941763,0.479941763,0.262561739,180,16,field,nP,> YOY,2.207846678
r2-2-BLD-BLD,27-Aug,summer-fall,2,9,2.208,F,67.5,16.2,15.4,13.3,5.8,12.7,aug27_2021_box1_SMR1_mgO2L_analyzed_SMR,Ch1,0.0675,19.8,20.52,20.13643678,87,0.281423058,0.485961701,0.666471079,0.385048021,180,20,field,nP,> YOY,2.368217745
r2-2-BLD-BLD,2-Sep,summer-fall,2,12,2.208,F,67.5,16.4,15.8,13.4,5.9,12.8,sep02_2021_box2_smr2_mgO2L_analyzed_SMR,Ch2,0.0675,12.05,12.36,12.310625,64,0.153312441,0.294489133,0.319372463,0.166060022,180,12,field,nP,> YOY,2.08314773
r2-2-BLD-BLD,10-Sep,summer-fall,2,10,2.208,F,68.5,16.4,15.8,13.5,5.6,12.7,sep10_2021_box1_smr1_mgO2L_analyzed_GLUED_n2_SMR,Ch1,0.0685,21.84,22.39,22.12768293,82,0.526308067,0.572717601,0.706214316,0.179906249,180,22,field,nP,> YOY,1.341826888
r2-2-BLTT,21-Aug,summer-fall,2,R4-2,4.099,M,110,19.2,18.2,15.4,6.8,15.5,aug21_2021_box3_smr1_mgO2L_analyzed_GLUED_n2_SMR,Ch2,0.11,15.54,17.89,16.82296296,81,0.352940127,0.503993696,0.592238022,0.239297894,180,16,field,nP,> YOY,1.678012716
r2-2-BLTT,27-Aug,summer-fall,2,R4-1,4.099,M,108,19.4,18.4,15.6,6.9,15.1,aug27_2021_box3_SMR1_mgO2L_analyzed_GLUED_n2_SMR,Ch2,0.108,19.96,20.84,20.64595238,84,0.365608973,0.730474892,0.730474892,0.364865918,180,20,field,nP,> YOY,1.997967625
r2-2-BLTT,2-Sep,summer-fall,2,9,2.208,M,108.5,19.2,18.2,15.4,6.8,15.2,sep02_2021_box1_smr1_mgO2L_analyzed_SMR,Ch1,0.1085,11.88,12.4,12.23973684,76,0.211150581,0.38867854,0.518221646,0.307071065,180,12,field,nP,> YOY,2.454275252
r2-2-BLTT,10-Sep,summer-fall,2,R4-3,4.099,M,109,19.1,18.3,15.7,6.9,15.1,sep10_2021_box3_smr1_mgO2L_analyzed_GLUED_n2_SMR,Ch3,0.109,21.76,22.59,22.2086747,83,0.372035776,0.806210059,0.806210059,0.434174283,180,22,field,nP,> YOY,2.167022933
r2-2-BRTT,21-Aug,summer-fall,2,12,2.208,F,84.5,17.8,16.7,14.3,6,13.5,aug21_2021_box2_smr1_mgO2L_analyzed_GLUED_n2_SMR,Ch2,0.0845,16.16,16.4,16.28426829,82,0.297638778,0.343402944,0.534571068,0.23693229,180,16,field,nP,> YOY,1.79603972
r2-2-BRTT,27-Aug,summer-fall,2,11,2.208,F,82.5,17.6,16.7,14.2,6.1,13.5,aug27_2021_box2_SMR1_mgO2L_analyzed_GLUED_n2_SMR,Ch1,0.0825,19.06,20.32,19.81176471,85,0.240662419,0.422154659,0.63736786,0.396705441,180,20,field,nP,> YOY,2.648389647
r2-2-BRTT,2-Sep,summer-fall,2,14,2.208,F,83,17.4,16.8,14.2,6.2,13.5,sep02_2021_box2_smr2_mgO2L_analyzed_SMR,Ch4,0.083,12.05,12.36,12.31,81,0.18607737,NA,0.404436248,0.218358878,180,12,field,nP,> YOY,2.173484332
r2-2-BRTT,10-Sep,summer-fall,2,13,2.208,F,84.5,17.7,16.8,14.5,6.1,13.5,sep10_2021_box2_smr1_mgO2L_analyzed_GLUED_n3_SMR,Ch3,0.0845,21.19,22.26,21.63780488,82,0.410683558,0.547443908,0.625156949,0.214473392,180,22,field,nP,> YOY,1.522235155
r2-2-GRTT,21-Aug,summer-fall,2,14,2.208,M,93,17.5,17,14.5,6.5,14.4,aug21_2021_box2_smr1_mgO2L_analyzed_GLUED_n2_SMR,Ch4,0.093,16.16,16.4,16.28566265,83,0.208431927,0.40684859,0.553975201,0.345543275,180,16,field,nP,> YOY,2.657823157
r2-2-GRTT,27-Aug,summer-fall,2,14,2.208,M,91,17.7,17.3,14.5,6.5,14.3,aug27_2021_box2_SMR1_mgO2L_analyzed_GLUED_n2_SMR,Ch4,0.091,19.07,20.32,19.81258824,85,0.298398263,0.467484481,0.484329763,0.185931499,180,20,field,nP,> YOY,1.623098463
r2-2-GRTT,2-Sep,summer-fall,2,11,2.208,M,92.5,17.6,-,14.7,6.4,14.4,sep02_2021_box2_smr2_mgO2L_analyzed_SMR,Ch1,0.0925,12.05,12.36,12.309625,80,0.172806525,0.365112424,0.444564673,0.271758148,180,12,field,nP,> YOY,2.572615089
r2-2-GRTT,10-Sep,summer-fall,2,11,2.208,M,93.5,17.7,17.1,14.6,6.5,14.3,sep10_2021_box2_smr1_mgO2L_analyzed_GLUED_n3_SMR,Ch1,0.0935,21.19,22.26,21.64153846,78,0.488348119,0.425412165,0.66482043,0.176472312,180,22,field,nP,> YOY,1.361365806
r2-2-RLD-RLD,21-Aug,summer-fall,2,9,2.208,F,85,18.3,17,14.6,6.4,13.8,aug21_2021_box1_smr1_mgO2L_analyzed_SMR,Ch1,0.085,16.07,16.38,16.16,84,0.32323502,0.420302517,0.607066055,0.283831035,180,16,field,nP,> YOY,1.878094936
r2-2-RLD-RLD,27-Aug,summer-fall,2,12,2.208,F,84,17.8,16.7,14.4,6.5,14,aug27_2021_box2_SMR1_mgO2L_analyzed_GLUED_n2_SMR,Ch2,0.084,19.06,20.32,19.81182927,82,0.370438486,0.494274301,0.645537049,0.275098563,180,20,field,nP,> YOY,1.742629541
r2-2-RLD-RLD,10-Sep,summer-fall,2,9,2.208,F,87,18,16.8,14.4,6.4,13.9,sep10_2021_box1_smr1_mgO2L_analyzed_GLUED_n2_SMR,Ch2,0.087,21.84,22.45,22.1347561,82,0.338733185,0.457888949,0.569675043,0.230941859,180,22,field,nP,> YOY,1.681781028
r2-3-GLD-GLD,21-Aug,summer-fall,3,R4-3,4.099,F,109,19.5,18.4,15.7,6.5,14.8,aug21_2021_box3_smr1_mgO2L_analyzed_GLUED_n2_SMR,Ch3,0.109,15.54,17.89,16.82296296,81,0.343932973,0.52841361,0.734995775,0.391062802,180,16,field,nP,> YOY,2.137032017
r2-3-GLD-GLD,27-Aug,summer-fall,3,R4-4,4.099,F,109.5,19.8,18.5,15.8,6.7,14,aug27_2021_box3_SMR1_mgO2L_analyzed_GLUED_n2_SMR,Ch1,0.1095,19.96,20.84,20.64963855,83,0.400384556,0.750008813,0.756514475,0.356129919,180,20,field,nP,> YOY,1.88946967
r2-3-GLD-GLD,2-Sep,summer-fall,3,R4-4,4.099,F,109,19.7,18.4,15.8,6.7,14.7,sep02_2021_box3_smr1_mgO2L_analyzed_SMR,Ch1,0.109,12.49,12.82,12.70875,80,0.346481499,0.500635728,0.634113776,0.287632276,180,12,field,nP,> YOY,1.830151904
r2-3-GLD-GLD,10-Sep,summer-fall,3,R4-4,4.099,F,108.5,19.5,18.2,16,6.6,15,sep10_2021_box3_smr1_mgO2L_analyzed_GLUED_n2_SMR,Ch1,0.1085,21.76,22.59,22.2086747,83,0.490845443,0.778536535,0.778536535,0.287691091,180,22,field,nP,> YOY,1.5861134
r2-3-GRD-GRD,21-Aug,summer-fall,3,R4-1,4.099,F,112.5,19.4,18.3,15.6,6.7,15.1,aug21_2021_box3_smr1_mgO2L_analyzed_GLUED_n2_SMR,Ch1,0.1125,15.54,17.89,16.823875,80,0.347914165,0.443373353,0.684092675,0.33617851,180,16,field,nP,> YOY,1.966268533
r2-3-GRD-GRD,27-Aug,summer-fall,3,R4-2,4.099,F,112.5,19.2,18,15.4,6.8,15.1,aug27_2021_box3_SMR1_mgO2L_analyzed_GLUED_n2_SMR,Ch3,0.1125,19.96,20.84,20.64595238,84,0.319719908,0.701718299,0.701718299,0.381998391,180,20,field,nP,> YOY,2.194790759
r2-3-GRD-GRD,2-Sep,summer-fall,3,R4-1,4.099,F,112.5,19.4,18.1,15.5,6.9,15,sep02_2021_box3_smr1_mgO2L_analyzed_SMR,Ch4,0.1125,12.49,12.82,12.70884615,78,0.262657042,0.463066692,0.463066692,0.20040965,180,12,field,nP,> YOY,1.763008857
r2-3-GRD-GRD,10-Sep,summer-fall,3,R4-1,4.099,F,113.5,19.3,18.2,15.5,7,15,sep10_2021_box3_smr1_mgO2L_analyzed_GLUED_n2_SMR,Ch4,0.1135,21.76,22.59,22.2086747,83,0.37808884,0.74156006,0.74156006,0.36347122,180,22,field,nP,> YOY,1.961338134
r2-3-OLD-OLD,21-Aug,summer-fall,3,11,2.208,F,98.5,18.9,17.7,15,6.5,14.4,aug21_2021_box2_smr1_mgO2L_analyzed_GLUED_n2_SMR,Ch1,0.0985,16.16,16.4,16.28566265,83,0.235933465,0.48441369,0.522607624,0.286674159,180,16,field,nP,> YOY,2.215063577
r2-3-OLD-OLD,27-Aug,summer-fall,3,13,2.208,F,97.5,19.2,17.7,15,6.5,14.5,aug27_2021_box2_SMR1_mgO2L_analyzed_GLUED_n2_SMR,Ch3,0.0975,19.07,20.32,19.814,85,0.320991007,0.526510084,0.583100358,0.262109351,180,20,field,nP,> YOY,1.816562911
r2-3-OLD-OLD,2-Sep,summer-fall,3,R4-3,4.099,F,99,19,17.8,15.5,6.6,14.3,sep02_2021_box3_smr1_mgO2L_analyzed_SMR,Ch3,0.099,12.49,12.82,12.71,79,0.245214389,0.496382718,0.496382718,0.251168329,180,12,field,nP,> YOY,2.024280552
r2-3-OLD-OLD,10-Sep,summer-fall,3,14,2.208,F,102,19.3,17.9,15.6,6.6,14.5,sep10_2021_box2_smr1_mgO2L_analyzed_GLUED_n3_SMR,Ch4,0.102,21.19,22.26,21.64113924,79,0.396026468,0.507646943,0.67565746,0.279630991,180,22,field,nP,> YOY,1.706091673
r2-3-RRD-RRD,21-Aug,summer-fall,3,13,2.208,F,99,18.5,17.5,15.1,6.5,14.5,aug21_2021_box2_smr1_mgO2L_analyzed_GLUED_n2_SMR,Ch3,0.099,16.16,16.4,16.28566265,83,0.27675831,0.45386352,0.641305393,0.364547083,180,16,field,nP,> YOY,2.317203749
r2-3-RRD-RRD,27-Aug,summer-fall,3,10,2.208,F,98,18.8,17.8,15,6.5,14.2,aug27_2021_box1_SMR1_mgO2L_analyzed_SMR,Ch2,0.098,19.8,20.52,20.13825581,86,0.345791038,0.574264623,0.607311655,0.261520617,180,20,field,nP,> YOY,1.756296688
r2-3-RRD-RRD,2-Sep,summer-fall,3,13,2.208,F,97.5,18.6,18,15.4,6.5,14.4,sep02_2021_box2_smr2_mgO2L_analyzed_SMR,Ch3,0.0975,12.05,12.36,12.3115,80,0.151238199,0.423531868,0.435940676,0.284702477,180,12,field,nP,> YOY,2.882477298
r2-4-GRD-ORD,20-Aug,summer-fall,4,R6-1,6.985,M,237.5,24.5,23.2,20,8.6,19.7,aug20_2021_box1_SMR1_mgO2L_analyzed_GLUED_n2_SMR,Ch1,0.2375,16.26,16.53,16.39487179,78,0.672282412,0.925481173,1.044992846,0.372710434,180,16,field,nP,> YOY,1.554395634
r2-4-GRD-ORD,26-Aug,summer-fall,4,R6-2,6.985,M,231.5,24,23,19.4,8.9,19.7,aug26_2021_box1_smr1_mgO2L_analyzed_GLUED_n2_SMR,Ch2,0.2315,19.83,20.7,20.25818182,77,0.764830297,1.440011625,1.440011625,0.675181328,180,20,field,nP,> YOY,1.882785804
r2-4-GRD-ORD,1-Sep,summer-fall,4,R6-2,6.985,M,233.5,23.9,23,19.8,8.7,19.7,sep01_2021_box1_SMR1_mgO2L_analyzed_SMR,Ch2,0.2335,11.67,12.51,12.187375,80,0.535176201,0.59596107,1.14835199,0.613175789,1,12,field,nP,> YOY,2.14574562
r2-4-GRD-ORD,9-Sep,summer-fall,4,R6-1,6.985,M,230.5,24,23.4,20,8.8,19.5,sep09_2021_box1_smr1_mgO2L_analyzed_GLUED_n2_SMR,Ch1,0.2305,21.66,22.11,21.952125,80,1.106638303,NA,1.505722595,0.399084292,NA,22,field,nP,> YOY,1.360627579
r2-4-RLD-GLD,20-Aug,summer-fall,4,R6-2,6.985,M,214,23.6,22.5,19.4,8.5,19,aug20_2021_box1_SMR1_mgO2L_analyzed_GLUED_n2_SMR,Ch2,0.214,16.26,16.53,16.39189189,74,0.632885338,0.786235346,0.968568903,0.335683565,180,16,field,nP,> YOY,1.530401867
r2-4-RLD-GLD,26-Aug,summer-fall,4,R6-1,6.985,M,211,23.5,22.2,19.1,8.5,18.9,aug26_2021_box1_smr1_mgO2L_analyzed_GLUED_n2_SMR,Ch1,0.211,19.83,20.7,20.25506173,81,0.717999902,0.990138574,1.240345804,0.522345902,180,20,field,nP,> YOY,1.727501355
r2-4-RLD-GLD,1-Sep,summer-fall,4,R6-1,6.985,M,214,22.9,22.3,19.2,8.6,18.9,sep01_2021_box1_SMR1_mgO2L_analyzed_SMR,Ch1,0.214,11.67,12.51,12.18653846,52,0.391243512,0.489420381,0.779051162,0.38780765,180,12,field,nP,> YOY,1.991218098
r2-4-RLD-GLD,9-Sep,summer-fall,4,R6-2,6.985,M,212,23.8,22.6,19.4,8.7,18.7,sep09_2021_box1_smr1_mgO2L_analyzed_GLUED_n2_SMR,Ch2,0.212,21.66,22.11,21.96184211,76,0.896976075,1.069114793,1.408148121,0.511172046,1,22,field,nP,> YOY,1.569883702
r2-4-RRD-ORD,20-Aug,summer-fall,4,R4-3,4.099,M,137,20.9,19.6,16.9,7.4,16.2,aug20_2021_box3_SMR1_mgO2L_analyzed_GLUED_n2_SMR,Ch3,0.137,15.55,16.5,16.08168831,77,0.747944269,0.966419332,1.300497696,0.552553427,180,16,field,nP,> YOY,1.738762833
r2-4-RRD-ORD,26-Aug,summer-fall,4,R4-4,4.099,M,132.5,20.6,19.4,16.4,7.2,16.1,aug26_2021_box3_SMR1_mgO2L_analyzed_GLUED_n2_SMR,Ch1,0.1325,20.21,20.75,20.56089744,78,0.556624043,1.162578686,1.162578686,0.605954643,1,20,field,nP,> YOY,2.08862463
r2-4-RRD-ORD,1-Sep,summer-fall,4,R4-4,4.099,M,141,20.3,19.5,16.4,7.3,16.3,sep01_2021_box3_SMR1_mgO2L_analyzed_SMR,Ch1,0.141,12.1,12.55,12.41609756,82,0.460228144,0.407560279,0.7153561,0.255127956,180,12,field,nP,> YOY,1.554351051
r2-4-RRD-ORD,9-Sep,summer-fall,4,R4-4,4.099,M,134.5,20.6,19.3,16.5,7.2,16.2,sep09_2021_box3_SMR1_mgO2L_analyzed_GLUED_n2_SMR,Ch1,0.1345,22.06,22.85,22.42848101,79,0.687619899,0.972050883,1.13189566,0.444275761,180,22,field,nP,> YOY,1.646106609
r2-BLD,12-Aug,summer-fall,N1,2,0.568,F,7.57,8.3,8,6.5,2.6,NA,aug12_2021_box1_SMR1_mgO2L_analyzed_GLUED_n3_SMR,Ch2,0.00757,15.87,16.19,16.03071429,84,0.052958241,0.060600434,0.060600434,0.007642193,180,16,lab,nP,YOY,1.144306027
r2-BLD,17-Aug,summer-fall,N1,5,0.568,F,7.53,8.1,7.7,6.4,2.8,NA,aug17_2021_box2_smr1_mgO2L_analyzed_SMR,Ch3,0.00753,19.82,19.98,19.89926829,82,0.06662215,0.066392157,0.077556528,0.010934378,180,20,lab,nP,YOY,1.164125268
r2-BLD,23-Aug,summer-fall,N1,1,0.568,F,7.68,8.4,7.9,6.7,2.7,NA,aug23_2021_box1_smr1_mgO2L_analyzed_SMR,Ch1,0.00768,11.76,12.75,12.0982716,81,0.02600887,0.054109407,0.057552803,0.031543932,180,12,lab,nP,YOY,2.212814392
r2-BLD-BLD-BLD,26-Aug,summer-fall,N8,3,0.568,M,7.75,8.2,7.6,6.5,2.8,NA,aug26_2021_box2_smr1_mgO2L_analyzed_SMR,Ch1,0.00775,18.86,19.87,19.4317284,81,0.043673936,0.079800614,0.079800614,0.036126677,180,20,lab,nP,YOY,1.827190771
r2-BLD-BLTT,26-Aug,summer-fall,N8,6,0.568,M,8.82,8.7,8.1,6.8,3,NA,aug26_2021_box2_smr1_mgO2L_analyzed_SMR,Ch4,0.00882,18.86,19.87,19.43910256,78,NA,0.081799511,0.081799511,NA,180,20,lab,nP,YOY,NA
r2-BLD-OLD,13-Aug,summer-fall,N5,2,0.568,M,8.94,8.9,8.3,6.9,2.8,NA,aug13_2021_box1_SMR1_mgO2L_analyzed_SMR,Ch2,0.00894,16.04,16.3,16.21857143,91,0.046387308,0.067167211,0.078398777,0.032011469,1,16,lab,nP,YOY,1.690091115
r2-BLD-OLD,18-Aug,summer-fall,N5,1,0.568,M,9.116,8.7,8.5,7.1,3,NA,aug18_2021_box1_SMR1_mgO2L_analyzed_SMR,Ch1,0.009116,19.63,20.06,19.82746988,83,0.05660952,0.069089236,0.094977166,0.038367646,180,20,lab,nP,YOY,1.677759606
r2-BLD-OLD,24-Aug,summer-fall,N5,2,0.568,M,9.6,9,8.4,7,3,NA,aug24_2021_box1_smr1_mgO2L_analyzed_SMR,Ch2,0.0096,11.98,12.22,12.06658537,41,0.040369644,0.068722299,0.077290951,0.036921308,1,12,lab,nP,YOY,1.914580963
r2-BLTB,13-Aug,summer-fall,N5,1,0.568,M,8.8,8.9,8.4,6.9,2.9,NA,aug13_2021_box1_SMR1_mgO2L_analyzed_SMR,Ch1,0.0088,16.04,16.3,16.21846154,91,0.04628474,0.059679204,0.071922507,0.025637767,180,16,lab,nP,YOY,1.553914024
r2-BLTB,18-Aug,summer-fall,N5,5,0.568,M,9.1,8.9,8.4,7,2.9,NA,aug18_2021_box2_SMR1_mgO2L_analyzed_SMR,Ch3,0.0091,20.08,20.45,20.3454321,81,0.067944391,0.100785918,0.100785918,0.032841527,1,20,lab,nP,YOY,1.483358912
r2-BLTB,24-Aug,summer-fall,N5,4,0.568,M,9.46,9,8.5,7,3,NA,aug24_2021_box2_smr1_mgO2L_analyzed_SMR,Ch2,0.00946,12.03,12.24,12.09060976,82,0.034483991,0.075963916,0.075963916,0.041479925,1,12,lab,nP,YOY,2.202874833
r2-BLTT,13-Aug,summer-fall,N5,5,0.568,M,6.77,8.2,7.7,6.6,2.5,NA,aug13_2021_box2_SMR1_mgO2L_analyzed_SMR,Ch3,0.00677,16.13,16.28,16.23068966,87,0.042703824,0.058278315,0.071591524,0.0288877,180,16,lab,nP,YOY,1.676466352
r2-BLTT,18-Aug,summer-fall,N5,G1,0.272,M,7,8.3,7.8,6.6,2.5,NA,aug18_2021_box3_SMR1_mgO2L_analyzed_SMR,Ch1,0.007,19.73,20.54,20.01871795,78,0.05278046,0.065000374,0.07356397,0.02078351,180,20,lab,nP,YOY,1.393772813
r2-BLTT,24-Aug,summer-fall,N5,6,0.568,M,6.97,8.3,8,6.6,2.5,NA,aug24_2021_box2_smr1_mgO2L_analyzed_SMR,Ch4,0.00697,12.03,12.24,12.09060976,82,0.033633694,0.049490212,0.056644701,0.023011007,180,12,lab,nP,YOY,1.68416532
r2-BRD-BRD,12-Aug,summer-fall,N1,G3,0.272,M,6.82,8.2,7.8,6.4,2.7,NA,aug12_2021_box3_SMR1_mgO2L_analyzed_GLUED_n2_SMR,Ch3,0.00682,16.13,16.33,16.24259259,54,0.039077089,0.054845101,0.062835723,0.023758634,180,16,lab,nP,YOY,1.60799397
r2-BRD-BRD-BRD,26-Aug,summer-fall,N8,G4,0.272,M,7.02,8.7,8.2,6.9,2.7,NA,aug26_2021_box3_SMR1_mgO2L_analyzed_GLUED_n2_SMR,Ch4,0.00702,20.21,20.75,20.56089744,78,0.049219058,0.064028871,0.067518496,0.018299438,180,20,lab,nP,YOY,1.37179577
r2-BRD-BRD-BRD,9-Sep,summer-fall,N8,3,0.568,M,7.88,8.6,8.1,7,2.8,NA,sep09_2021_box2_smr1_mgO2L_analyzed_SMR,Ch1,0.00788,20.94,22.41,21.65714286,77,0.065405369,0.086301979,0.103623833,0.038218464,180,22,lab,nP,YOY,1.584332215
r2-BRD-BRD-BRD,15-Sep,summer-fall,N8,4,0.568,M,8.31,8.8,8.1,6.7,2.8,NA,sep15_2021_box2_smr1_mgO2L_analyzed_SMR,Ch2,0.00831,15.54,16.02,15.9044186,86,0.052136014,0.07548095,0.079113011,0.026976997,180,16,lab,nP,YOY,1.517434973
r2-BRD-BRTT,1-Sep,summer-fall,N8,5,0.568,M,9.43,8.9,8.3,7,3,NA,sep01_2021_box2_smr1_mgO2L_analyzed_SMR,Ch3,0.00943,11.6,11.82,11.672375,80,0.03428932,NA,0.057286739,0.022997419,NA,12,lab,nP,YOY,1.670687516
r2-BRD-RRD,13-Aug,summer-fall,N11,G3,0.272,M,6.42,8.1,7.6,6.4,2.3,NA,aug13_2021_box3_smr1_mgO2L_analyzed_GLUED_n2_SMR,Ch3,0.00642,16.3,16.63,16.47604651,86,0.033328478,0.051776961,0.065100402,0.031771924,180,16,lab,nP,YOY,1.9532966
r2-BRD-RRD,18-Aug,summer-fall,N11,6,0.568,M,6.56,8.3,7.8,6.4,2.4,NA,aug18_2021_box2_SMR1_mgO2L_analyzed_SMR,Ch4,0.00656,20.08,20.45,20.3454321,81,0.060275019,0.094810053,0.094810053,0.034535034,180,20,lab,nP,YOY,1.572957664
r2-BRD-RRD,24-Aug,summer-fall,N11,G1,0.272,M,6.63,8.4,7.8,6.5,2.5,NA,aug24_2021_box3_smr1_mgO2L_analyzed_SMR,Ch1,0.00663,12.21,12.36,12.25975309,81,0.031934649,0.056974744,0.056974744,0.025040095,180,12,lab,nP,YOY,1.784104283
r2-BRTB,13-Aug,summer-fall,N5,6,0.568,M,7.25,8.3,7.8,6.7,2.6,NA,aug13_2021_box2_SMR1_mgO2L_analyzed_SMR,Ch4,0.00725,16.13,16.28,16.2294382,89,0.036336068,0.051988487,0.06784971,0.031513641,180,16,lab,nP,YOY,1.867282649
r2-BRTB,18-Aug,summer-fall,N5,3,0.568,M,7.14,8.5,7.9,6.7,2.7,NA,aug18_2021_box2_SMR1_mgO2L_analyzed_SMR,Ch1,0.00714,20.08,20.45,20.3454321,81,0.056139127,0.059430165,0.09086206,0.034722933,180,20,lab,nP,YOY,1.618515726
r2-BRTB,24-Aug,summer-fall,N5,1,0.568,M,7.69,8.4,7.9,6.6,2.7,NA,aug24_2021_box1_smr1_mgO2L_analyzed_SMR,Ch1,0.00769,11.98,12.2,12.06121951,82,0.023055689,0.041062926,0.058479544,0.035423856,180,12,lab,nP,YOY,2.536447526
r2-BRTT,13-Aug,summer-fall,N5,3,0.568,M,8.5,8.5,8.1,6.7,2.6,NA,aug13_2021_box2_SMR1_mgO2L_analyzed_SMR,Ch1,0.0085,16.13,16.28,16.22921348,89,0.044059374,0.054176901,0.077183832,0.033124458,180,16,lab,nP,YOY,1.751814104
r2-BRTT,18-Aug,summer-fall,N5,2,0.568,M,8.309,8.7,8.5,7.1,2.9,NA,aug18_2021_box1_SMR1_mgO2L_analyzed_SMR,Ch2,0.008309,19.63,20.06,19.82795181,83,0.050574327,0.058446198,0.080840035,0.030265708,180,20,lab,nP,YOY,1.598440146
r2-BRTT,24-Aug,summer-fall,N5,3,0.568,M,8.87,9,8.4,7.1,2.9,NA,aug24_2021_box2_smr1_mgO2L_analyzed_SMR,Ch1,0.00887,12.03,12.24,12.09075,80,0.027144092,0.044649994,0.06813762,0.040993528,180,12,lab,nP,YOY,2.510219129
r2-GLD-GLD,12-Aug,summer-fall,N1,G4,0.272,M,6.17,7.8,7.5,6.1,2.5,NA,aug12_2021_box3_SMR1_mgO2L_analyzed_GLUED_n2_SMR,Ch4,0.00617,16.13,16.33,16.24150943,53,0.033890643,0.034568617,0.048794518,0.014903875,1,16,lab,nP,YOY,1.439763707
r2-GLD-GLD-GLD,12-Aug,summer-fall,N1,4,0.568,M,6.05,7.7,7.2,5.9,2.4,NA,aug12_2021_box2_SMR1_mgO2L_analyzed_GLUED_n2_SMR,Ch2,0.00605,15.85,16.2,16.09329268,82,0.042030628,0.043934418,0.05431391,0.012283282,180,16,lab,nP,YOY,1.292245966
r2-GLD-GLD-GLD,17-Aug,summer-fall,N1,4,0.568,M,6.17,7.9,7.5,6.3,2.5,NA,aug17_2021_box2_smr1_mgO2L_analyzed_SMR,Ch2,0.00617,19.82,19.98,19.89926829,82,0.048689109,0.07814023,0.07814023,0.029451121,180,20,lab,nP,YOY,1.604881086
r2-GLD-GLD-GLD,20-Sep,summer-fall,N1,2,0.568,M,10.5,NA,,NA,NA,NA,sep20_2021_box1_smr1_mgO2L_analyzed_SMR,Ch2,0.0105,21.59,22.52,22.12901099,91,0.081926418,0.082550517,0.113811351,0.031884933,180,22,lab,nP,YOY,1.389189886
r2-GLD-GLTT,1-Sep,summer-fall,N8,G3,0.272,M,8.23,8.3,7.8,6.5,2.8,NA,sep01_2021_box3_SMR1_mgO2L_analyzed_SMR,Ch3,0.00823,12.1,12.55,12.41609756,82,0.02413966,0.028458619,0.041623557,0.017483897,180,12,lab,nP,YOY,1.724280995
r2-GLD-GLTT,9-Sep,summer-fall,N8,G4,0.272,M,8.72,8.5,8,6.8,2.8,NA,sep09_2021_box3_SMR1_mgO2L_analyzed_GLUED_n2_SMR,Ch4,0.00872,22.06,22.85,22.42848101,79,0.061565148,0.085154076,0.086931156,0.025366008,1,22,lab,nP,YOY,1.412018962
r2-GLD-GLTT,15-Sep,summer-fall,N8,G4,0.272,F,9.1,8.7,8.2,6.9,2.9,NA,sep15_2021_box3_smr1_mgO2L_analyzed_SMR,Ch4,0.0091,15.93,16.73,16.13309524,84,0.046740143,0.073867274,0.088682448,0.041942305,180,16,lab,nP,YOY,1.89735082
r2-GLD-RLD,13-Aug,summer-fall,N11,G4,0.272,M,7.34,8,7.6,6.4,2.6,NA,aug13_2021_box3_smr1_mgO2L_analyzed_GLUED_n2_SMR,Ch4,0.00734,16.3,16.63,16.4762069,87,0.0343218,0.07659818,0.07659818,0.042276381,180,16,lab,nP,YOY,2.231764675
r2-GLD-RLD,18-Aug,summer-fall,N11,G4,0.272,M,7.15,8.3,7.9,6.7,2.6,NA,aug18_2021_box3_SMR1_mgO2L_analyzed_SMR,Ch4,0.00715,19.73,20.54,20.00947368,76,0.047400288,0.081276905,0.081276905,0.033876617,180,20,lab,nP,YOY,1.714692214
r2-GLD-RLD,24-Aug,summer-fall,N11,G3,0.272,M,7.14,8.4,8.1,6.7,2.7,NA,aug24_2021_box3_smr1_mgO2L_analyzed_SMR,Ch3,0.00714,12.21,12.36,12.25975309,81,0.035171296,0.048093696,0.056704899,0.021533604,180,12,lab,nP,YOY,1.612249373
r2-GRD-GRD-GRD,12-Aug,summer-fall,N1,G1,0.272,M,5.95,7.6,7.1,6,2.5,NA,aug12_2021_box3_SMR1_mgO2L_analyzed_GLUED_n2_SMR,Ch1,0.00595,16.13,16.33,16.24259259,54,0.034537073,0.046691965,0.049950249,0.015413176,180,16,lab,nP,YOY,1.44627915
r2-GRD-ORD,13-Aug,summer-fall,N11,4,0.568,NA,6.14,8,7.5,6.1,2.5,NA,aug13_2021_box2_SMR1_mgO2L_analyzed_SMR,Ch2,0.00614,16.13,16.28,16.22910112,89,0.044085932,NA,0.062384578,0.018298646,NA,16,lab,nP,YOY,1.415067696
r2-N10-RLD-RLTT,23-Aug,summer-fall,N10,5,0.568,F,9.15,8.8,8.4,7,2.9,NA,aug23_2021_box2_smr1_mgO2L_analyzed_SMR,Ch3,0.00915,11.99,12.65,12.20602564,78,0.032418517,0.053048919,0.058762613,0.026344096,180,12,lab,nP,YOY,1.812624934
r2-N10-RLD-RLTT,15-Sep,summer-fall,N10,5,0.568,F,11.75,9.2,8.7,7.4,3.1,NA,sep15_2021_box2_smr1_mgO2L_analyzed_SMR,Ch3,0.01175,15.54,16.02,15.9044186,86,0.055610649,0.074662455,0.088625471,0.033014822,180,16,lab,nP,YOY,1.593678049
r2-OLD,23-Aug,summer-fall,N10,G1,0.272,F,7.23,8.2,7.7,6.5,2.6,NA,aug23_2021_box3_smr1_mgO2L_analyzed_SMR,Ch1,0.00723,12.15,12.7,12.35,80,0.025253569,0.032507004,0.037724788,0.012471218,180,12,lab,nP,YOY,1.493839828
r2-OLD,15-Sep,summer-fall,N10,G1,0.272,F,9.47,9,8.3,7,2.9,NA,sep15_2021_box3_smr1_mgO2L_analyzed_SMR,Ch1,0.00947,15.93,16.73,16.13309524,84,NA,0.054200459,0.078848847,NA,180,16,lab,nP,YOY,NA
r2-OLD-OLD-OLD,12-Aug,summer-fall,N1,G2,0.272,F,7.05,8.2,7.7,6.4,2.7,NA,aug12_2021_box3_SMR1_mgO2L_analyzed_GLUED_n2_SMR,Ch2,0.00705,16.13,16.33,16.24259259,54,0.040477254,0.053926102,0.053926102,0.013448847,180,16,lab,nP,YOY,1.332256904
r2-OLD-OLTT,1-Sep,summer-fall,N8,4,0.568,M,9.68,8.7,8.2,6.9,3,NA,sep01_2021_box2_smr1_mgO2L_analyzed_SMR,Ch2,0.00968,11.6,11.82,11.672375,80,0.035002311,0.047148151,0.063145289,0.028142978,180,12,lab,nP,YOY,1.804032016
r2-OLD-OLTT,9-Sep,summer-fall,N8,5,0.568,M,10.28,8.9,8.5,7.2,2.8,NA,sep09_2021_box2_smr1_mgO2L_analyzed_SMR,Ch3,0.01028,20.94,22.41,21.65705128,78,0.076790496,0.086493619,0.115148962,0.038358466,1,22,lab,nP,YOY,1.499521011
r2-OLD-OLTT,15-Sep,summer-fall,N8,6,0.568,M,10.65,9,8.5,7.2,3,NA,sep15_2021_box2_smr1_mgO2L_analyzed_SMR,Ch4,0.01065,15.54,16.02,15.9044186,86,0.068914284,0.073371838,0.101641757,0.032727473,180,16,lab,nP,YOY,1.474901147
r2-ORD-ORD-ORD,12-Aug,summer-fall,N1,3,0.568,NA,6.32,7.8,7.5,6.1,2.5,NA,aug12_2021_box2_SMR1_mgO2L_analyzed_GLUED_n2_SMR,Ch1,0.00632,15.85,16.2,16.09329268,82,0.037038034,0.044114075,0.057194299,0.020156265,180,16,lab,nP,YOY,1.544204492
r2-ORD-ORD-ORD,17-Aug,summer-fall,N1,6,0.568,NA,6.55,8,7.6,6.4,2.6,NA,aug17_2021_box2_smr1_mgO2L_analyzed_SMR,Ch4,0.00655,19.82,19.98,19.89926829,82,0.045866564,0.072489245,0.072489245,0.026622681,180,20,lab,nP,YOY,1.580437658
r2-ORD-ORD-ORD,23-Aug,summer-fall,N1,6,0.568,NA,6.68,7.9,7.4,6.2,2.6,NA,aug23_2021_box2_smr1_mgO2L_analyzed_SMR,Ch4,0.00668,11.99,12.65,12.20602564,78,0.027791566,NA,0.041254355,0.013462789,NA,12,lab,nP,YOY,1.484419946
r2-ORD-ORD-ORD,20-Sep,summer-fall,N1,1,0.568,NA,9.5,NA,,NA,NA,NA,sep20_2021_box1_smr1_mgO2L_analyzed_SMR,Ch1,0.0095,21.59,22.52,22.12891304,92,0.076726202,0.085931505,0.098776026,0.022049823,1,22,lab,nP,YOY,1.287383224
r2-ORD-ORTT,26-Aug,summer-fall,N8,G3,0.272,F,7.86,8.5,7.9,6.6,3.8,NA,aug26_2021_box3_SMR1_mgO2L_analyzed_GLUED_n2_SMR,Ch3,0.00786,20.21,20.75,20.56089744,78,0.063707158,0.07381642,0.07381642,0.010109262,180,20,lab,nP,YOY,1.158683308
r2-ORD-ORTT,9-Sep,summer-fall,N8,6,0.568,F,8.89,8.7,8,7,2.8,NA,sep09_2021_box2_smr1_mgO2L_analyzed_SMR,Ch4,0.00889,20.94,22.41,21.65584416,77,0.078368107,0.109250898,0.114643844,0.036275737,180,22,lab,nP,YOY,1.462889023
r2-ORD-ORTT,15-Sep,summer-fall,N8,3,0.568,F,9.48,8.8,8.2,7,2.7,NA,sep15_2021_box2_smr1_mgO2L_analyzed_SMR,Ch1,0.00948,15.54,16.02,15.90428571,84,0.052824836,0.08062249,0.093464533,0.040639697,1,16,lab,nP,YOY,1.769329352
r2-RLD-BLD,13-Aug,summer-fall,N11,G1,0.272,NA,6.07,7.7,7.1,6.1,2.6,NA,aug13_2021_box3_smr1_mgO2L_analyzed_GLUED_n2_SMR,Ch1,0.00607,16.34,16.63,16.49175439,57,0.033533632,0.041119253,0.054148306,0.020614674,180,16,lab,nP,YOY,1.614746224
r2-RLD-RLD-RLD,12-Aug,summer-fall,N1,6,0.568,F,6.93,8,7.4,6.4,2.6,NA,aug12_2021_box2_SMR1_mgO2L_analyzed_GLUED_n2_SMR,Ch4,0.00693,15.85,16.2,16.09329268,82,0.045172178,0.040464896,0.061391659,0.016219481,180,16,lab,nP,YOY,1.359059084
r2-RLD-RLD-RLD,17-Aug,summer-fall,N1,3,0.568,F,6.95,8.1,7.7,6.4,2.5,NA,aug17_2021_box2_smr1_mgO2L_analyzed_SMR,Ch1,0.00695,19.82,19.98,19.89926829,82,0.051455736,0.080604986,0.080604986,0.029149251,180,20,lab,nP,YOY,1.566491762
r2-RLD-RLD-RLD,23-Aug,summer-fall,N1,3,0.568,F,7.23,8.1,7.7,6.5,2.6,NA,aug23_2021_box2_smr1_mgO2L_analyzed_SMR,Ch1,0.00723,11.99,12.65,12.20602564,78,0.02635202,0.057543764,0.057543764,0.031191744,180,12,lab,nP,YOY,2.183656688
r2-RLD-RLTT,26-Aug,summer-fall,N8,5,0.568,F,9.38,8.7,8.3,7,3,NA,aug26_2021_box2_smr1_mgO2L_analyzed_SMR,Ch3,0.00938,18.86,19.87,19.42975309,81,0.070744696,0.080065162,0.118406689,0.047661993,180,20,lab,nP,YOY,1.673718256
r2-RLD-RLTT,1-Sep,summer-fall,N8,6,0.568,F,9.37,8.9,8.5,7,3,NA,sep01_2021_box2_smr1_mgO2L_analyzed_SMR,Ch4,0.00937,11.6,11.81,11.67125,80,0.041535107,0.053133917,0.071373898,0.029838791,180,12,lab,nP,YOY,1.718399271
r2-RLD-RLTT,9-Sep,summer-fall,N8,G3,0.272,F,10.38,9.4,8.8,7.1,3,NA,sep09_2021_box3_SMR1_mgO2L_analyzed_GLUED_n2_SMR,Ch3,0.01038,22.06,22.85,22.42848101,79,0.067153745,0.097504199,0.098502614,0.031348869,1,22,lab,nP,YOY,1.466822353
r2-RLD-RLTT,15-Sep,summer-fall,N8,1,0.568,F,10.745,9.5,8.8,7.4,3,NA,sep15_2021_box1_smr1_mgO2L_analyzed_SMR,Ch1,0.010745,15.34,16.19,15.87674419,86,0.05309841,0.090731475,0.098137475,0.045039065,180,16,lab,nP,YOY,1.8482187
r2-RLTT,23-Aug,summer-fall,N10,G2,0.272,M,6.17,7.9,7.5,6.1,2.6,NA,aug23_2021_box3_smr1_mgO2L_analyzed_SMR,Ch2,0.00617,12.15,12.7,12.35,80,0.020733406,0.035141172,0.039625667,0.018892261,180,12,lab,nP,YOY,1.911199117
r2-RLTT,15-Sep,summer-fall,N10,G2,0.272,M,7.86,8.3,7,6.5,2.9,NA,sep15_2021_box3_smr1_mgO2L_analyzed_SMR,Ch2,0.00786,15.93,16.73,16.13309524,84,0.044408909,0.052095813,0.069246003,0.024837094,180,16,lab,nP,YOY,1.559281796
r2-RRD,23-Aug,summer-fall,N10,G4,0.272,M,8.1,8.5,8,6.7,2.8,NA,aug23_2021_box3_smr1_mgO2L_analyzed_SMR,Ch4,0.0081,12.15,12.7,12.35,80,0.023478008,0.031889959,0.045197921,0.021719913,180,12,lab,nP,YOY,1.92511738
r2-RRD,15-Sep,summer-fall,N10,G3,0.272,M,10.06,8.9,8.5,7.2,3,NA,sep15_2021_box3_smr1_mgO2L_analyzed_SMR,Ch3,0.01006,15.93,16.73,16.13309524,84,0.051070173,0.063888326,0.077393228,0.026323055,180,16,lab,nP,YOY,1.515429132
r2-RRD-BRD,13-Aug,summer-fall,N11,G2,0.272,M,8.15,8.2,7.9,6.4,2.7,NA,aug13_2021_box3_smr1_mgO2L_analyzed_GLUED_n2_SMR,Ch2,0.00815,16.3,16.63,16.4762069,87,0.048716171,0.056745228,0.077066486,0.028350314,1,16,lab,nP,YOY,1.581948739
r2-RRD-BRD,18-Aug,summer-fall,N11,4,0.568,M,7.72,8.5,8.2,6.6,2.7,NA,aug18_2021_box2_SMR1_mgO2L_analyzed_SMR,Ch2,0.00772,20.08,20.45,20.3454321,81,0.057869657,NA,0.09932096,0.041451304,NA,20,lab,nP,YOY,1.716287361
r2-RRD-BRD,24-Aug,summer-fall,N11,5,0.568,M,7.99,8.3,8,6.7,2.8,NA,aug24_2021_box2_smr1_mgO2L_analyzed_SMR,Ch3,0.00799,12.03,12.24,12.09060976,82,0.047120839,0.053241448,0.078386034,0.031265195,1,12,lab,nP,YOY,1.663511007
r2-RRD-RRD-RRD,12-Aug,summer-fall,N1,5,0.568,F,6.55,7.8,7.4,6.2,2.5,NA,aug12_2021_box2_SMR1_mgO2L_analyzed_GLUED_n2_SMR,Ch3,0.00655,15.85,16.2,16.09329268,82,0.041072301,0.048567387,0.056121763,0.015049463,1,16,lab,nP,YOY,1.366413921
r2-RRD-RRD-RRD,17-Aug,summer-fall,N1,G1,0.272,F,6.637,8.1,7.5,6.3,2.6,NA,aug17_2021_box3_smr1_mgO2L_analyzed_SMR,Ch1,0.006637,19.09,21.35,19.64670886,79,0.046230474,0.056276265,0.066219344,0.019988869,1,20,lab,nP,YOY,1.432374312
r2-RRD-RRD-RRD,23-Aug,summer-fall,N1,4,0.568,F,6.9,8.2,7.7,6.4,2.7,NA,aug23_2021_box2_smr1_mgO2L_analyzed_SMR,Ch2,0.0069,11.99,12.65,12.20602564,78,0.036513523,0.035041559,0.046450625,0.009937102,180,12,lab,nP,YOY,1.272148539
r2-RRD-RRTT,26-Aug,summer-fall,N8,4,0.568,F,8.66,8.8,8.3,6.8,2.9,NA,aug26_2021_box2_smr1_mgO2L_analyzed_SMR,Ch2,0.00866,18.86,19.87,19.43134146,82,0.057548894,0.068099193,0.086282081,0.028733186,1,20,lab,nP,YOY,1.499283034
r2-RRD-RRTT,1-Sep,summer-fall,N8,3,0.568,F,9.07,8.6,8.1,6.7,2.8,NA,sep01_2021_box2_smr1_mgO2L_analyzed_SMR,Ch1,0.00907,11.6,11.82,11.672375,80,0.02854845,0.05405062,0.05405062,0.02550217,180,12,lab,nP,YOY,1.893294374
r2-RRD-RRTT,9-Sep,summer-fall,N8,4,0.568,F,9.78,9,8.4,7.3,2.9,NA,sep09_2021_box2_smr1_mgO2L_analyzed_SMR,Ch2,0.00978,21.2,22.41,21.66428571,77,0.067487957,0.085965453,0.103005893,0.035517937,180,22,lab,nP,YOY,1.526285551
r2-RRD-RRTT,15-Sep,summer-fall,N8,2,0.568,F,9.98,9,8.4,7.1,2.9,NA,sep15_2021_box1_smr1_mgO2L_analyzed_SMR,Ch2,0.00998,15.38,16.19,15.88783784,74,0.059011995,NA,0.086508153,0.027496158,NA,16,lab,nP,YOY,1.465941848
r2-RRTB,23-Aug,summer-fall,N10,G3,0.272,F,7.95,8.4,8.1,6.6,2.9,NA,aug23_2021_box3_smr1_mgO2L_analyzed_SMR,Ch3,0.00795,12.15,12.7,12.35,80,0.024820337,0.044695669,0.044695669,0.019875332,180,12,lab,nP,YOY,1.800767994
RLDT1,1-Jun,spring,A2,R4-1,4.159,M,179.5,22.8,21.6,18.2,8.2,18,jun01_2021_box2_smr1_mgO2L_analyzed_GLUED_n2_SMR,Ch2,0.1795,15.72,16.46,15.92528571,70,0.560875138,0.669501964,0.754218172,0.193343034,180,16,field,nP,> YOY,1.344716712
RLDT1,6-Jun,spring,A2,R4-3,4.159,M,174,22,21.2,18.4,7.9,18,jun06_2021_box1_smr1_mgO2L_analyzed_SMR,Ch3,0.174,19.45,20.31,19.914,50,0.61173059,0.786975435,0.833762895,0.222032305,180,20,field,nP,> YOY,1.362957662
RLDT2,2-Jun,spring,A1,R2-12,2.227,M,95,18.2,17,14.6,6.4,14.3,jun02_2021_box3_smr2_mgO2L_analyzed_GLUED_n2_SMR,Ch4,0.095,15.63,16.33,16.09808219,73,0.351477023,0.455939671,0.57909245,0.227615427,180,16,field,nP,> YOY,1.647596892
RLDT2,7-Jun,spring,A1,R2-10,2.227,M,95,18,17.5,14.8,6.2,14.3,jun07_2021_box3_smr1_mgO2L_analyzed_GLUED_n2_SMR,Ch2,0.095,19.4,20.31,19.89631579,76,0.308495846,0.439604519,0.574933982,0.266438135,180,20,field,nP,> YOY,1.863668469
RLDT2,12-Jun,spring,A1,R2-10,2.227,M,95.5,18,17.2,14.6,6.4,14.4,jun12_2021_box3_smr1_mgO2L_analyzed_SMR,Ch2,0.0955,11.59,12.84,11.88269231,78,0.198868488,0.410052653,0.41585107,0.216982582,180,12,field,nP,> YOY,2.091085797
RLDT3,2-Jun,spring,A1,R2-10,2.227,M,86,18,17,14.4,6,14.1,jun02_2021_box3_smr2_mgO2L_analyzed_GLUED_n2_SMR,Ch2,0.086,15.63,16.33,16.11661765,68,0.340836753,NA,0.515262481,0.174425729,1,16,field,nP,> YOY,1.511757394
RLDT3,7-Jun,spring,A1,R2-11,2.227,M,86,17.9,16.9,14.4,6,14,jun07_2021_box3_smr1_mgO2L_analyzed_GLUED_n2_SMR,Ch3,0.086,19.24,20.31,19.89194805,77,0.330325942,0.459437721,0.62082761,0.290501668,180,20,field,nP,> YOY,1.879439459
RLDT3,12-Jun,spring,A1,R2-11,2.227,M,89,17.4,16.6,14.2,6.1,14,jun12_2021_box3_smr1_mgO2L_analyzed_SMR,Ch3,0.089,11.59,12.84,11.88434211,76,0.186901408,0.262890863,0.435087768,0.24818636,180,12,field,nP,> YOY,2.327899894
RLTB1,2-Jun,spring,A1,R11-2,12.447,M,251.5,25.1,23.6,20.5,9,20,jun02_2021_box1_smr1_mgO2L_analyzed_GLUED_n2_SMR,Ch3,0.2515,15.34,16.44,15.76189189,74,0.606780662,0.875240972,1.368386337,0.761605676,180,16,field,nP,> YOY,2.255158121
RLTB1,7-Jun,spring,A1,R11-1,12.447,M,247,24.3,23.9,20.2,8.9,20,jun07_2021_box1_smr1_mgO2L_analyzed_GLUED_n2_SMR,Ch2,0.247,19.61,20.25,19.84567164,67,0.826499476,1.225528812,1.287396262,0.460896786,180,20,field,nP,> YOY,1.557649217
RLTB1,12-Jun,spring,A1,R6-2,6.1,M,250,25,23.7,20.3,8.6,19.9,jun12_2021_box2_smr1_mgO2L_analyzed_SMR,Ch4,0.25,11.99,12.64,12.37836066,61,0.220995763,0.437493006,0.444910365,0.223914602,180,12,field,nP,> YOY,2.013207673
RLTTB1,1-Jun,spring,A2,R6-2,6.1,M,177.5,22.2,21.5,18.5,8.1,17.9,jun01_2021_box2_smr1_mgO2L_analyzed_GLUED_n2_SMR,Ch4,0.1775,15.72,16.46,15.9274359,78,0.447185331,0.484512374,0.757059907,0.309874577,180,16,field,nP,> YOY,1.692944414
RLTTB1,6-Jun,spring,A2,R6-2,6.1,M,175.5,21.4,20.5,18.2,8,17.8,jun06_2021_box2_smr1_mgO2L_analyzed_SMR,Ch4,0.1755,19,20.73,20.04368421,76,0.512082719,0.603880793,0.984226392,0.472143674,1,20,field,nP,> YOY,1.922006654
RLTTB1,11-Jun,spring,A2,R6-2,6.1,M,181,21,20.5,18,8.1,17.8,jun11_2021_box2_smr1_mgO2L_analyzed_SMR,Ch4,0.181,11.39,11.74,11.59438356,73,0.175791675,0.34297308,0.53313041,0.357338736,1,12,field,nP,> YOY,3.032739813
RRDT1,2-Jun,spring,A1,R4-2,4.159,M,89.5,18,17.1,14.5,6.3,14,jun02_2021_box2_smr1_mgO2L_analyzed_GLUED_n2_SMR,Ch3,0.0895,14.92,16.31,15.98039474,76,0.319811622,0.435710469,0.523393393,0.203581771,120,16,field,nP,> YOY,1.636567771
RRDT1,7-Jun,spring,A1,R4-3,4.159,M,89,18,17,14.5,6.1,14,jun07_2021_box1_smr1_mgO2L_analyzed_GLUED_n2_SMR,Ch3,0.089,19.61,20.25,19.84970588,68,0.219796672,0.496748194,0.496748194,0.276951522,1,20,field,nP,> YOY,2.260035105
RRDT1,12-Jun,spring,A1,R2-12,2.227,M,91,18,17,14.7,6.1,14.2,jun12_2021_box3_smr1_mgO2L_analyzed_SMR,Ch4,0.091,11.59,12.84,11.88269231,78,0.178498672,0.238163574,0.34923035,0.170731678,180,12,field,nP,> YOY,1.956487103
RRDT2,1-Jun,spring,A2,R2-11,2.227,M,105,19.2,18,15.5,6.9,15,jun01_2021_box3_smr1_mgO2L_analyzed_GLUED_n2_SMR,Ch3,0.105,15.63,16.45,15.90415584,77,0.186103428,0.373231508,0.390691275,0.204587847,180,16,field,nP,> YOY,2.099323368
RRDT2,6-Jun,spring,A2,R2-9,2.227,M,103,18.9,18,15.2,6.6,14.9,jun06_2021_box3_smr1_mgO2L_analyzed_SMR,Ch1,0.103,19.63,20.3,19.99974684,79,0.323809341,NA,0.555827754,0.232018412,180,20,field,nP,> YOY,1.716527854
RRDT2,11-Jun,spring,A2,R2-9,2.227,M,103.5,18.6,18.1,15.5,6.8,15,jun11_2021_box3_smr1_mgO2L_analyzed_SMR,Ch1,0.1035,11.92,12.49,12.18670886,79,0.224828027,0.349262354,0.442280169,0.217452141,180,12,field,nP,> YOY,1.967193211
RRDT3,1-Jun,spring,A2,R2-10,2.227,M,88,17.6,17,14.4,6.5,14.4,jun01_2021_box3_smr1_mgO2L_analyzed_GLUED_n2_SMR,Ch2,0.088,15.63,16.45,15.89116883,77,0.205018799,0.320367397,0.382935137,0.177916339,180,16,field,nP,> YOY,1.867804999
RRDT3,6-Jun,spring,A2,R2-11,2.227,M,85,17.7,17,14.2,6.3,14,jun06_2021_box3_smr1_mgO2L_analyzed_SMR,Ch2,0.085,19.63,20.3,19.99974684,79,0.276837912,0.435090258,0.527172992,0.25033508,180,20,field,nP,> YOY,1.904265887
RRDT3,11-Jun,spring,A2,R2-12,2.227,M,86,17,17,14.4,6.1,14,jun11_2021_box3_smr1_mgO2L_analyzed_SMR,Ch4,0.086,11.93,12.44,12.18564103,78,0.187590789,0.294513316,0.34377285,0.156182061,180,12,field,nP,> YOY,1.832567854
RRTB1,2-Jun,spring,A1,R2-9,2.227,M,93.5,18.3,17.1,14.4,6.4,14.7,jun02_2021_box3_smr2_mgO2L_analyzed_GLUED_n2_SMR,Ch1,0.0935,15.63,16.33,16.09891892,74,0.32508822,0.482389487,0.554492129,0.229403909,180,16,field,nP,> YOY,1.705666631
RRTB1,7-Jun,spring,A1,R2-9,2.227,M,93.5,18.1,17.5,14.9,6.5,14.5,jun07_2021_box3_smr1_mgO2L_analyzed_GLUED_n2_SMR,Ch1,0.0935,19.24,20.31,19.89194805,77,0.30589254,0.455433846,0.548485339,0.242592799,180,20,field,nP,> YOY,1.793065431
RRTB1,12-Jun,spring,A1,R4-2,4.159,M,94,17.5,17.2,14.6,6.4,14.7,jun12_2021_box2_smr1_mgO2L_analyzed_SMR,Ch3,0.094,11.87,12.61,12.38589744,78,0.187688294,0.439634819,0.439634819,0.251946525,180,12,field,nP,> YOY,2.342366744
RRTT1,2-Jun,spring,A1,R4-1,4.159,M,154,20.6,19.9,17,7.9,17.1,jun02_2021_box2_smr1_mgO2L_analyzed_GLUED_n2_SMR,Ch2,0.154,14.92,16.31,15.9776,75,0.498576569,0.628189054,0.805544372,0.306967803,120,16,field,nP,> YOY,1.615688386
RRTT1,7-Jun,spring,A1,R4-1,4.159,M,151.5,20.9,20.4,17.1,7.6,17.4,jun07_2021_box2_smr1_mgO2L_analyzed_GLUED_n2_SMR,Ch2,0.1515,19.36,20.67,20.2335,80,0.696093606,0.63573303,0.956082757,0.259989151,180,20,field,nP,> YOY,1.373497399
RRTT1,12-Jun,spring,A1,R4-1,4.159,M,155.5,20.5,20,17,7.5,17.4,jun12_2021_box2_smr1_mgO2L_analyzed_SMR,Ch2,0.1555,11.87,15.57,12.42189873,79,0.460780464,0.473511751,0.813708715,0.352928252,180,12,field,nP,> YOY,1.765935797
RRTTB1,6-Jun,spring,A2,R4-1,4.159,M,147,20.8,20.4,17.1,7.4,16.8,jun06_2021_box2_smr1_mgO2L_analyzed_SMR,Ch2,0.147,19,20.73,20.0175,80,0.421825505,0.854055534,0.854055534,0.432230029,180,20,field,nP,> YOY,2.024665468
RRTTB1,11-Jun,spring,A2,R4-1,4.159,M,150.5,20.4,20.2,17,7.5,16.7,jun11_2021_box2_smr1_mgO2L_analyzed_SMR,Ch2,0.1505,11.38,11.74,11.582125,80,0.339203185,0.641996879,0.739025501,0.399822316,180,12,field,nP,> YOY,2.178710382