FishID,bpm,bpm.SD,temp_mean,Depth.cm,SL.cm,TL.cm,FL.cm,Tank,mass.g,bpm_duration,temp.rate,heart.mass,breakpoint_Cels,breakpoint_bpm,breakpoint_CIh,breakpoint_CIl,HRpeak,Tpeak,temp_ARRH,time_ARRH,TEMP,sizeClass,treatm,BW
r2-RRD,102.2554251,0.6515,16.3,3.1,7.4,9.2,8.8,N10,12.8,15.399,0.160708524,NA,19.41,125.2259268,3.43103,3.40517,151.0695859,26,27.83941558,77.08,16,Juvenile,16,0.0128
r2-RRD,147.5771686,0.8746,24.1,3.1,7.4,9.2,8.8,N10,12.8,15.349,0.160708524,NA,19.41,125.2259268,3.43103,3.40517,151.0695859,26,27.83941558,77.08,24,Juvenile,24,0.0128
r2-RRD,147.5389206,0.5273,25,3.1,7.4,9.2,8.8,N10,12.8,15.499,0.160708524,NA,19.41,125.2259268,3.43103,3.40517,151.0695859,26,27.83941558,77.08,25,Juvenile,25,0.0128
r2-RRD,151.0695859,0.4923,26,3.1,7.4,9.2,8.8,N10,12.8,15.249,0.160708524,NA,19.41,125.2259268,3.43103,3.40517,151.0695859,26,27.83941558,77.08,26,Juvenile,26,0.0128
r2-RRD,104.7320772,0.8094,16.7,3.1,7.4,9.2,8.8,N10,12.8,17.099,0.160708524,NA,19.41,125.2259268,3.43103,3.40517,151.0695859,26,27.83941558,77.08,17,Juvenile,17,0.0128
r2-RRD,110.7826903,0.4712,17.4,3.1,7.4,9.2,8.8,N10,12.8,15.319,0.160708524,NA,19.41,125.2259268,3.43103,3.40517,151.0695859,26,27.83941558,77.08,17,Juvenile,17,0.0128
r2-RRD,114.7006003,0.5314,18,3.1,7.4,9.2,8.8,N10,12.8,19.299,0.160708524,NA,19.41,125.2259268,3.43103,3.40517,151.0695859,26,27.83941558,77.08,18,Juvenile,18,0.0128
r2-RRD,121.4744082,0.7293,19,3.1,7.4,9.2,8.8,N10,12.8,15.299,0.160708524,NA,19.41,125.2259268,3.43103,3.40517,151.0695859,26,27.83941558,77.08,19,Juvenile,19,0.0128
r2-RRD,126.4023187,0.6195,20,3.1,7.4,9.2,8.8,N10,12.8,15.449,0.160708524,NA,19.41,125.2259268,3.43103,3.40517,151.0695859,26,27.83941558,77.08,20,Juvenile,20,0.0128
r2-RRD,131.2075796,0.6882,21.1,3.1,7.4,9.2,8.8,N10,12.8,15.299,0.160708524,NA,19.41,125.2259268,3.43103,3.40517,151.0695859,26,27.83941558,77.08,21,Juvenile,21,0.0128
r2-RRD,138.1568267,0.5686,22.2,3.1,7.4,9.2,8.8,N10,12.8,14.999,0.160708524,NA,19.41,125.2259268,3.43103,3.40517,151.0695859,26,27.83941558,77.08,22,Juvenile,22,0.0128
r2-RLD-RLTT,85.64989762,0.6219,16.3,3.4,7.6,9.5,9.1,N10,14.9,15.399,0.160708524,NA,18.34,98.64857526,3.44805,3.41335,111.538711,22.2,23.33363069,49.043,16,Juvenile,16,0.0149
r2-RLD-RLTT,87.49376488,1.093,16.7,3.4,7.6,9.5,9.1,N10,14.9,17.099,0.160708524,NA,18.34,98.64857526,3.44805,3.41335,111.538711,22.2,23.33363069,49.043,17,Juvenile,17,0.0149
r2-RLD-RLTT,92.84832797,1.3367,17.4,3.4,7.6,9.5,9.1,N10,14.9,15.319,0.160708524,NA,18.34,98.64857526,3.44805,3.41335,111.538711,22.2,23.33363069,49.043,17,Juvenile,17,0.0149
r2-RLD-RLTT,96.09943263,1.1321,18,3.4,7.6,9.5,9.1,N10,14.9,19.299,0.160708524,NA,18.34,98.64857526,3.44805,3.41335,111.538711,22.2,23.33363069,49.043,18,Juvenile,18,0.0149
r2-RLD-RLTT,100.4081189,1.3856,19,3.4,7.6,9.5,9.1,N10,14.9,15.299,0.160708524,NA,18.34,98.64857526,3.44805,3.41335,111.538711,22.2,23.33363069,49.043,19,Juvenile,19,0.0149
r2-RLD-RLTT,104.403916,1.0718,20,3.4,7.6,9.5,9.1,N10,14.9,15.449,0.160708524,NA,18.34,98.64857526,3.44805,3.41335,111.538711,22.2,23.33363069,49.043,20,Juvenile,20,0.0149
r2-RLD-RLTT,110.6895556,0.8967,21.1,3.4,7.6,9.5,9.1,N10,14.9,15.299,0.160708524,NA,18.34,98.64857526,3.44805,3.41335,111.538711,22.2,23.33363069,49.043,21,Juvenile,21,0.0149
r2-RLD-RLTT,111.538711,1.4197,22.2,3.4,7.6,9.5,9.1,N10,14.9,14.999,0.160708524,NA,18.34,98.64857526,3.44805,3.41335,111.538711,22.2,23.33363069,49.043,22,Juvenile,22,0.0149
r2-GLD-GLD-GLD,94.6330719,0.3082,16.4,3.3,7,9.3,8.6,N1,13.9,15.399,0.1564465,NA,NA,NA,NA,NA,113.7651452,19.9,21.65858794,39.17,16,Juvenile,16,0.0139
r2-GLD-GLD-GLD,96.71558468,0.383,16.75,3.3,7,9.3,8.6,N1,13.9,17.099,0.1564465,NA,NA,NA,NA,NA,113.7651452,19.9,21.65858794,39.17,17,Juvenile,17,0.0139
r2-GLD-GLD-GLD,101.3020693,0.4103,17.4,3.3,7,9.3,8.6,N1,13.9,15.319,0.1564465,NA,NA,NA,NA,NA,113.7651452,19.9,21.65858794,39.17,17,Juvenile,17,0.0139
r2-GLD-GLD-GLD,104.5360835,0.6054,18.1,3.3,7,9.3,8.6,N1,13.9,19.299,0.1564465,NA,NA,NA,NA,NA,113.7651452,19.9,21.65858794,39.17,18,Juvenile,18,0.0139
r2-GLD-GLD-GLD,110.0899537,0.8756,18.8,3.3,7,9.3,8.6,N1,13.9,15.299,0.1564465,NA,NA,NA,NA,NA,113.7651452,19.9,21.65858794,39.17,19,Juvenile,19,0.0139
r2-GLD-GLD-GLD,113.7651452,0.8323,19.9,3.3,7,9.3,8.6,N1,13.9,15.449,0.1564465,NA,NA,NA,NA,NA,113.7651452,19.9,21.65858794,39.17,20,Juvenile,20,0.0139
r2-GLD-GLD-GLD,113.2317273,1.1672,21.05,3.3,7,9.3,8.6,N1,13.9,15.299,0.1564465,NA,NA,NA,NA,NA,113.7651452,19.9,21.65858794,39.17,21,Juvenile,21,0.0139
r2-OLD-GLD,100.4741243,0.730212293,16.35,3,NA,9.2,8.7,N9,11.52,0.267,0.174960426,0.013,20.04,131.3442672,3.41899,3.40241,168.9104425,26,27.56927832,67.307,16,Juvenile,16,0.01152
r2-OLD-GLD,168.9104425,1.228332145,26,3,NA,9.2,8.7,N9,11.52,0.255,0.174960426,0.013,20.04,131.3442672,3.41899,3.40241,168.9104425,26,27.56927832,67.307,26,Juvenile,26,0.01152
r2-OLD-GLD,163.6167155,2.15906839,27.25,3,NA,9.2,8.7,N9,11.52,0.29,0.174960426,0.013,20.04,131.3442672,3.41899,3.40241,168.9104425,26,27.56927832,67.307,27,Juvenile,27,0.01152
r2-OLD-GLD,111.3185976,0.928775594,17.8,3,NA,9.2,8.7,N9,11.52,0.321,0.174960426,0.013,20.04,131.3442672,3.41899,3.40241,168.9104425,26,27.56927832,67.307,18,Juvenile,18,0.01152
r2-OLD-GLD,121.1939688,0.958016472,19,3,NA,9.2,8.7,N9,11.52,0.287,0.174960426,0.013,20.04,131.3442672,3.41899,3.40241,168.9104425,26,27.56927832,67.307,19,Juvenile,19,0.01152
r2-OLD-GLD,131.5012619,1.378611914,20,3,NA,9.2,8.7,N9,11.52,0.263,0.174960426,0.013,20.04,131.3442672,3.41899,3.40241,168.9104425,26,27.56927832,67.307,20,Juvenile,20,0.01152
r2-OLD-GLD,135.7342818,1.534658267,21,3,NA,9.2,8.7,N9,11.52,0.277,0.174960426,0.013,20.04,131.3442672,3.41899,3.40241,168.9104425,26,27.56927832,67.307,21,Juvenile,21,0.01152
r2-OLD-GLD,144.1203911,2.092522701,22.05,3,NA,9.2,8.7,N9,11.52,0.282,0.174960426,0.013,20.04,131.3442672,3.41899,3.40241,168.9104425,26,27.56927832,67.307,22,Juvenile,22,0.01152
r2-OLD-GLD,150.0981319,2.082995774,23.1,3,NA,9.2,8.7,N9,11.52,0.199,0.174960426,0.013,20.04,131.3442672,3.41899,3.40241,168.9104425,26,27.56927832,67.307,23,Juvenile,23,0.01152
r2-OLD-GLD,155.899122,2.284138734,24.1,3,NA,9.2,8.7,N9,11.52,0.278,0.174960426,0.013,20.04,131.3442672,3.41899,3.40241,168.9104425,26,27.56927832,67.307,24,Juvenile,24,0.01152
r2-OLD-GLD,160.796915,1.3798,25.1,3,NA,9.2,8.7,N9,11.52,0.268,0.174960426,0.013,20.04,131.3442672,3.41899,3.40241,168.9104425,26,27.56927832,67.307,25,Juvenile,25,0.01152
r2-RRD-BRD,126.6247579,0.924497876,24.05,3.2,NA,9.3,8.6,N10,14.34,0.278,0.169342316,0.014,18.41,109.9326868,3.43456,3.42504,128.1325013,23,24.30099138,49.148,24,Juvenile,24,0.01434
r2-RRD-BRD,96.05575657,0.749992915,16.7,3.2,NA,9.3,8.6,N10,14.34,0.267,0.169342316,0.014,18.41,109.9326868,3.43456,3.42504,128.1325013,23,24.30099138,49.148,17,Juvenile,17,0.01434
r2-RRD-BRD,105.2032444,0.943720613,17.85,3.2,NA,9.3,8.6,N10,14.34,0.321,0.169342316,0.014,18.41,109.9326868,3.43456,3.42504,128.1325013,23,24.30099138,49.148,18,Juvenile,18,0.01434
r2-RRD-BRD,111.7043523,1.182214103,18.95,3.2,NA,9.3,8.6,N10,14.34,0.287,0.169342316,0.014,18.41,109.9326868,3.43456,3.42504,128.1325013,23,24.30099138,49.148,19,Juvenile,19,0.01434
r2-RRD-BRD,115.6858002,1.365901439,19.85,3.2,NA,9.3,8.6,N10,14.34,0.263,0.169342316,0.014,18.41,109.9326868,3.43456,3.42504,128.1325013,23,24.30099138,49.148,20,Juvenile,20,0.01434
r2-RRD-BRD,121.1517599,1.563940744,21.15,3.2,NA,9.3,8.6,N10,14.34,0.277,0.169342316,0.014,18.41,109.9326868,3.43456,3.42504,128.1325013,23,24.30099138,49.148,21,Juvenile,21,0.01434
r2-RRD-BRD,124.6293629,1.245648522,22.1,3.2,NA,9.3,8.6,N10,14.34,0.282,0.169342316,0.014,18.41,109.9326868,3.43456,3.42504,128.1325013,23,24.30099138,49.148,22,Juvenile,22,0.01434
r2-RRD-BRD,128.1325013,1.556127684,23,3.2,NA,9.3,8.6,N10,14.34,0.199,0.169342316,0.014,18.41,109.9326868,3.43456,3.42504,128.1325013,23,24.30099138,49.148,23,Juvenile,23,0.01434
r2-1-GRD,94.7759426,0.1476,16.1,3,7.1,9.1,8.7,1,11.81,0.251,0.167632865,0.009,21.55,143.7748494,3.39769,3.38891,153.1891379,26.15,27.00201912,70.74,16,Juvenile,16,0.01181
r2-1-GRD,149.7912956,0.2759,25,3,7.1,9.1,8.7,1,11.81,0.255,0.167632865,0.009,21.55,143.7748494,3.39769,3.38891,153.1891379,26.15,27.00201912,70.74,25,Juvenile,25,0.01181
r2-1-GRD,153.1891379,0.3045,26.15,3,7.1,9.1,8.7,1,11.81,0.257,0.167632865,0.009,21.55,143.7748494,3.39769,3.38891,153.1891379,26.15,27.00201912,70.74,26,Juvenile,26,0.01181
r2-1-GRD,103.0108279,0.1898,17.05,3,7.1,9.1,8.7,1,11.81,0.253,0.167632865,0.009,21.55,143.7748494,3.39769,3.38891,153.1891379,26.15,27.00201912,70.74,17,Juvenile,17,0.01181
r2-1-GRD,111.7324589,0.1324,18.1,3,7.1,9.1,8.7,1,11.81,0.251,0.167632865,0.009,21.55,143.7748494,3.39769,3.38891,153.1891379,26.15,27.00201912,70.74,18,Juvenile,18,0.01181
r2-1-GRD,120.4838557,0.1319,19.1,3,7.1,9.1,8.7,1,11.81,0.267,0.167632865,0.009,21.55,143.7748494,3.39769,3.38891,153.1891379,26.15,27.00201912,70.74,19,Juvenile,19,0.01181
r2-1-GRD,129.087997,0.2409,20.05,3,7.1,9.1,8.7,1,11.81,0.265,0.167632865,0.009,21.55,143.7748494,3.39769,3.38891,153.1891379,26.15,27.00201912,70.74,20,Juvenile,20,0.01181
r2-1-GRD,137.5080728,0.2335,21.05,3,7.1,9.1,8.7,1,11.81,0.258,0.167632865,0.009,21.55,143.7748494,3.39769,3.38891,153.1891379,26.15,27.00201912,70.74,21,Juvenile,21,0.01181
r2-1-GRD,145.7883025,0.4203,22.1,3,7.1,9.1,8.7,1,11.81,0.254,0.167632865,0.009,21.55,143.7748494,3.39769,3.38891,153.1891379,26.15,27.00201912,70.74,22,Juvenile,22,0.01181
r2-1-GRD,146.4555846,0.5674,23,3,7.1,9.1,8.7,1,11.81,0.254,0.167632865,0.009,21.55,143.7748494,3.39769,3.38891,153.1891379,26.15,27.00201912,70.74,23,Juvenile,23,0.01181
r2-1-GRD,146.2945324,0.3579,24,3,7.1,9.1,8.7,1,11.81,0.255,0.167632865,0.009,21.55,143.7748494,3.39769,3.38891,153.1891379,26.15,27.00201912,70.74,24,Juvenile,24,0.01181
r2-1-RRD,100.4296109,0.1794,16.1,4,9.4,11.5,10.8,1,25.44,0.251,0.167632865,0.017,21.77,148.8849708,3.39958,3.38202,155.0602268,23,26.70027996,68.94,16,Juvenile,16,0.02544
r2-1-RRD,154.2329531,0.3018,25,4,9.4,11.5,10.8,1,25.44,0.255,0.167632865,0.017,21.77,148.8849708,3.39958,3.38202,155.0602268,23,26.70027996,68.94,25,Juvenile,25,0.02544
r2-1-RRD,150.3510119,0.2198,26.15,4,9.4,11.5,10.8,1,25.44,0.257,0.167632865,0.017,21.77,148.8849708,3.39958,3.38202,155.0602268,23,26.70027996,68.94,26,Juvenile,26,0.02544
r2-1-RRD,108.3048782,0.1951,17.05,4,9.4,11.5,10.8,1,25.44,0.253,0.167632865,0.017,21.77,148.8849708,3.39958,3.38202,155.0602268,23,26.70027996,68.94,17,Juvenile,17,0.02544
r2-1-RRD,116.6894351,0.1792,18.1,4,9.4,11.5,10.8,1,25.44,0.251,0.167632865,0.017,21.77,148.8849708,3.39958,3.38202,155.0602268,23,26.70027996,68.94,18,Juvenile,18,0.02544
r2-1-RRD,124.8577974,0.2506,19.1,4,9.4,11.5,10.8,1,25.44,0.267,0.167632865,0.017,21.77,148.8849708,3.39958,3.38202,155.0602268,23,26.70027996,68.94,19,Juvenile,19,0.02544
r2-1-RRD,132.8412301,0.2528,20.05,4,9.4,11.5,10.8,1,25.44,0.265,0.167632865,0.017,21.77,148.8849708,3.39958,3.38202,155.0602268,23,26.70027996,68.94,20,Juvenile,20,0.02544
r2-1-RRD,141.1138275,0.2122,21.05,4,9.4,11.5,10.8,1,25.44,0.258,0.167632865,0.017,21.77,148.8849708,3.39958,3.38202,155.0602268,23,26.70027996,68.94,21,Juvenile,21,0.02544
r2-1-RRD,150.5990716,0.3409,22.1,4,9.4,11.5,10.8,1,25.44,0.254,0.167632865,0.017,21.77,148.8849708,3.39958,3.38202,155.0602268,23,26.70027996,68.94,22,Juvenile,22,0.02544
r2-1-RRD,155.0602268,0.5457,23,4,9.4,11.5,10.8,1,25.44,0.254,0.167632865,0.017,21.77,148.8849708,3.39958,3.38202,155.0602268,23,26.70027996,68.94,23,Juvenile,23,0.02544
r2-1-RRD,153.4592546,0.5558,24,4,9.4,11.5,10.8,1,25.44,0.255,0.167632865,0.017,21.77,148.8849708,3.39958,3.38202,155.0602268,23,26.70027996,68.94,24,Juvenile,24,0.02544
r2-1-ORTT,86.91568356,0.2417,16.3,3.8,NA,NA,NA,1,19.54,0.251,0.164046303,0.018,20.5,118.1936097,3.41124,3.39956,130.5717731,24.9,26.2670745,67.5,16,Juvenile,16,0.01954
r2-1-ORTT,130.5717731,0.4387,24.9,3.8,NA,NA,NA,1,19.54,0.255,0.164046303,0.018,20.5,118.1936097,3.41124,3.39956,130.5717731,24.9,26.2670745,67.5,25,Juvenile,25,0.01954
r2-1-ORTT,129.2374127,1.7401,25.95,3.8,NA,NA,NA,1,19.54,0.257,0.164046303,0.018,20.5,118.1936097,3.41124,3.39956,130.5717731,24.9,26.2670745,67.5,26,Juvenile,26,0.01954
r2-1-ORTT,92.4154618,0.2857,17,3.8,NA,NA,NA,1,19.54,0.253,0.164046303,0.018,20.5,118.1936097,3.41124,3.39956,130.5717731,24.9,26.2670745,67.5,17,Juvenile,17,0.01954
r2-1-ORTT,99.82534122,0.2509,18,3.8,NA,NA,NA,1,19.54,0.251,0.164046303,0.018,20.5,118.1936097,3.41124,3.39956,130.5717731,24.9,26.2670745,67.5,18,Juvenile,18,0.01954
r2-1-ORTT,106.5790241,0.2869,19,3.8,NA,NA,NA,1,19.54,0.267,0.164046303,0.018,20.5,118.1936097,3.41124,3.39956,130.5717731,24.9,26.2670745,67.5,19,Juvenile,19,0.01954
r2-1-ORTT,113.3499756,0.305,20,3.8,NA,NA,NA,1,19.54,0.265,0.164046303,0.018,20.5,118.1936097,3.41124,3.39956,130.5717731,24.9,26.2670745,67.5,20,Juvenile,20,0.01954
r2-1-ORTT,118.7743111,0.5292,20.9,3.8,NA,NA,NA,1,19.54,0.258,0.164046303,0.018,20.5,118.1936097,3.41124,3.39956,130.5717731,24.9,26.2670745,67.5,21,Juvenile,21,0.01954
r2-1-ORTT,123.4457715,0.5132,22,3.8,NA,NA,NA,1,19.54,0.254,0.164046303,0.018,20.5,118.1936097,3.41124,3.39956,130.5717731,24.9,26.2670745,67.5,22,Juvenile,22,0.01954
r2-1-ORTT,123.9932978,0.3936,22.9,3.8,NA,NA,NA,1,19.54,0.254,0.164046303,0.018,20.5,118.1936097,3.41124,3.39956,130.5717731,24.9,26.2670745,67.5,23,Juvenile,23,0.01954
r2-1-ORTT,127.3333976,0.3528,23.95,3.8,NA,NA,NA,1,19.54,0.255,0.164046303,0.018,20.5,118.1936097,3.41124,3.39956,130.5717731,24.9,26.2670745,67.5,24,Juvenile,24,0.01954
r2-1-OLTT,92.68794042,0.1561,16.3,4.1,9.1,11.5,11,1,24,0.251,0.164046303,0.02,21.53,134.5609855,3.39679,3.39021,140.802223,25.95,26.54267228,69.18,16,Juvenile,16,0.024
r2-1-OLTT,139.9671884,0.4503,24.9,4.1,9.1,11.5,11,1,24,0.255,0.164046303,0.02,21.53,134.5609855,3.39679,3.39021,140.802223,25.95,26.54267228,69.18,25,Juvenile,25,0.024
r2-1-OLTT,140.802223,0.3132,25.95,4.1,9.1,11.5,11,1,24,0.257,0.164046303,0.02,21.53,134.5609855,3.39679,3.39021,140.802223,25.95,26.54267228,69.18,26,Juvenile,26,0.024
r2-1-OLTT,98.15761153,0.1352,17,4.1,9.1,11.5,11,1,24,0.253,0.164046303,0.02,21.53,134.5609855,3.39679,3.39021,140.802223,25.95,26.54267228,69.18,17,Juvenile,17,0.024
r2-1-OLTT,105.881708,0.151,18,4.1,9.1,11.5,11,1,24,0.251,0.164046303,0.02,21.53,134.5609855,3.39679,3.39021,140.802223,25.95,26.54267228,69.18,18,Juvenile,18,0.024
r2-1-OLTT,113.2183654,0.2093,19,4.1,9.1,11.5,11,1,24,0.267,0.164046303,0.02,21.53,134.5609855,3.39679,3.39021,140.802223,25.95,26.54267228,69.18,19,Juvenile,19,0.024
r2-1-OLTT,121.0949068,0.2064,20,4.1,9.1,11.5,11,1,24,0.265,0.164046303,0.02,21.53,134.5609855,3.39679,3.39021,140.802223,25.95,26.54267228,69.18,20,Juvenile,20,0.024
r2-1-OLTT,128.2385156,0.2973,20.9,4.1,9.1,11.5,11,1,24,0.258,0.164046303,0.02,21.53,134.5609855,3.39679,3.39021,140.802223,25.95,26.54267228,69.18,21,Juvenile,21,0.024
r2-1-OLTT,136.0226719,0.4156,22,4.1,9.1,11.5,11,1,24,0.254,0.164046303,0.02,21.53,134.5609855,3.39679,3.39021,140.802223,25.95,26.54267228,69.18,22,Juvenile,22,0.024
r2-1-OLTT,135.5261226,0.558,22.9,4.1,9.1,11.5,11,1,24,0.254,0.164046303,0.02,21.53,134.5609855,3.39679,3.39021,140.802223,25.95,26.54267228,69.18,23,Juvenile,23,0.024
r2-1-OLTT,137.5184546,0.6402,23.95,4.1,9.1,11.5,11,1,24,0.255,0.164046303,0.02,21.53,134.5609855,3.39679,3.39021,140.802223,25.95,26.54267228,69.18,24,Juvenile,24,0.024
r2-1-GLD,89.25441379,0.4928,16.05,3.6,8.3,10.6,9.8,1,15.52,0.253,0.16611621,0.014,19.6,118.3099067,3.42456,3.40724,129.3874133,21.25,24.94141949,58.93,16,Juvenile,16,0.01552
r2-1-GLD,125.2182457,2.1452,25,3.6,8.3,10.6,9.8,1,15.52,0.254,0.16611621,0.014,19.6,118.3099067,3.42456,3.40724,129.3874133,21.25,24.94141949,58.93,25,Juvenile,25,0.01552
r2-1-GLD,95.94583702,0.7656,17,3.6,8.3,10.6,9.8,1,15.52,0.259,0.16611621,0.014,19.6,118.3099067,3.42456,3.40724,129.3874133,21.25,24.94141949,58.93,17,Juvenile,17,0.01552
r2-1-GLD,104.2495956,0.3781,18,3.6,8.3,10.6,9.8,1,15.52,0.259,0.16611621,0.014,19.6,118.3099067,3.42456,3.40724,129.3874133,21.25,24.94141949,58.93,18,Juvenile,18,0.01552
r2-1-GLD,112.9621582,0.2651,19,3.6,8.3,10.6,9.8,1,15.52,0.254,0.16611621,0.014,19.6,118.3099067,3.42456,3.40724,129.3874133,21.25,24.94141949,58.93,19,Juvenile,19,0.01552
r2-1-GLD,121.6097323,0.5166,20.1,3.6,8.3,10.6,9.8,1,15.52,0.257,0.16611621,0.014,19.6,118.3099067,3.42456,3.40724,129.3874133,21.25,24.94141949,58.93,20,Juvenile,20,0.01552
r2-1-GLD,129.3874133,0.7118,21.25,3.6,8.3,10.6,9.8,1,15.52,0.254,0.16611621,0.014,19.6,118.3099067,3.42456,3.40724,129.3874133,21.25,24.94141949,58.93,21,Juvenile,21,0.01552
r2-1-GLD,128.2153773,2.6124,22.1,3.6,8.3,10.6,9.8,1,15.52,0.25,0.16611621,0.014,19.6,118.3099067,3.42456,3.40724,129.3874133,21.25,24.94141949,58.93,22,Juvenile,22,0.01552
r2-1-GLD,126.2871975,0.9148,23,3.6,8.3,10.6,9.8,1,15.52,0.17,0.16611621,0.014,19.6,118.3099067,3.42456,3.40724,129.3874133,21.25,24.94141949,58.93,23,Juvenile,23,0.01552
r2-1-GLD,126.2254639,0.9579,24,3.6,8.3,10.6,9.8,1,15.52,0.249,0.16611621,0.014,19.6,118.3099067,3.42456,3.40724,129.3874133,21.25,24.94141949,58.93,24,Juvenile,24,0.01552
r2-1-RRTT,92.13022544,0.488,16.05,3.8,8.6,10.9,10.1,1,19.43,0.253,0.16611621,0.022,19.77,120.6934174,3.42216,3.40564,127.9918745,21.25,23.73043231,51.64,16,Juvenile,16,0.01943
r2-1-RRTT,98.99920624,0.3953,17,3.8,8.6,10.9,10.1,1,19.43,0.259,0.16611621,0.022,19.77,120.6934174,3.42216,3.40564,127.9918745,21.25,23.73043231,51.64,17,Juvenile,17,0.01943
r2-1-RRTT,106.6522405,0.3946,18,3.8,8.6,10.9,10.1,1,19.43,0.259,0.16611621,0.022,19.77,120.6934174,3.42216,3.40564,127.9918745,21.25,23.73043231,51.64,18,Juvenile,18,0.01943
r2-1-RRTT,114.0027202,0.8023,19,3.8,8.6,10.9,10.1,1,19.43,0.254,0.16611621,0.022,19.77,120.6934174,3.42216,3.40564,127.9918745,21.25,23.73043231,51.64,19,Juvenile,19,0.01943
r2-1-RRTT,122.3210729,0.8463,20.1,3.8,8.6,10.9,10.1,1,19.43,0.257,0.16611621,0.022,19.77,120.6934174,3.42216,3.40564,127.9918745,21.25,23.73043231,51.64,20,Juvenile,20,0.01943
r2-1-RRTT,127.9918745,0.8621,21.25,3.8,8.6,10.9,10.1,1,19.43,0.254,0.16611621,0.022,19.77,120.6934174,3.42216,3.40564,127.9918745,21.25,23.73043231,51.64,21,Juvenile,21,0.01943
r2-1-RRTT,124.8776194,2.1295,22.1,3.8,8.6,10.9,10.1,1,19.43,0.25,0.16611621,0.022,19.77,120.6934174,3.42216,3.40564,127.9918745,21.25,23.73043231,51.64,22,Juvenile,22,0.01943
r2-1-BRD,97.42199008,0.3074,16.1,2.9,7,8.8,8.3,1,10.75,0.253,0.16521317,0.011,19.59,125.6725859,3.42425,3.40775,132.6199718,22.1,22.56936714,44.76,16,Juvenile,16,0.01075
r2-1-BRD,104.7276652,0.446,17,2.9,7,8.8,8.3,1,10.75,0.259,0.16521317,0.011,19.59,125.6725859,3.42425,3.40775,132.6199718,22.1,22.56936714,44.76,17,Juvenile,17,0.01075
r2-1-BRD,112.3270364,0.3264,18,2.9,7,8.8,8.3,1,10.75,0.259,0.16521317,0.011,19.59,125.6725859,3.42425,3.40775,132.6199718,22.1,22.56936714,44.76,18,Juvenile,18,0.01075
r2-1-BRD,120.2387443,0.4561,19,2.9,7,8.8,8.3,1,10.75,0.254,0.16521317,0.011,19.59,125.6725859,3.42425,3.40775,132.6199718,22.1,22.56936714,44.76,19,Juvenile,19,0.01075
r2-1-BRD,126.4665082,0.4719,20,2.9,7,8.8,8.3,1,10.75,0.257,0.16521317,0.011,19.59,125.6725859,3.42425,3.40775,132.6199718,22.1,22.56936714,44.76,20,Juvenile,20,0.01075
r2-1-BRD,131.7358158,0.5594,21.25,2.9,7,8.8,8.3,1,10.75,0.254,0.16521317,0.011,19.59,125.6725859,3.42425,3.40775,132.6199718,22.1,22.56936714,44.76,21,Juvenile,21,0.01075
r2-1-BRD,132.6199718,7.9231,22.1,2.9,7,8.8,8.3,1,10.75,0.25,0.16521317,0.011,19.59,125.6725859,3.42425,3.40775,132.6199718,22.1,22.56936714,44.76,22,Juvenile,22,0.01075
r2-1-BLD,94.11287789,0.4552,16.1,4,8.8,11.2,10.3,1,22.02,0.253,0.16521317,0.024,19.42,116.4738285,3.43715,3.39885,137.352421,25.95,27.68387123,75.717,16,Juvenile,16,0.02202
r2-1-BLD,134.681605,0.4978,25,4,8.8,11.2,10.3,1,22.02,0.254,0.16521317,0.024,19.42,116.4738285,3.43715,3.39885,137.352421,25.95,27.68387123,75.717,25,Juvenile,25,0.02202
r2-1-BLD,137.352421,0.4384,25.95,4,8.8,11.2,10.3,1,22.02,0.254,0.16521317,0.024,19.42,116.4738285,3.43715,3.39885,137.352421,25.95,27.68387123,75.717,26,Juvenile,26,0.02202
r2-1-BLD,133.6069137,1.1398,26.9,4,8.8,11.2,10.3,1,22.02,0.25,0.16521317,0.024,19.42,116.4738285,3.43715,3.39885,137.352421,25.95,27.68387123,75.717,27,Juvenile,27,0.02202
r2-1-BLD,100.8459976,0.4099,17,4,8.8,11.2,10.3,1,22.02,0.259,0.16521317,0.024,19.42,116.4738285,3.43715,3.39885,137.352421,25.95,27.68387123,75.717,17,Juvenile,17,0.02202
r2-1-BLD,107.2236848,0.4849,18,4,8.8,11.2,10.3,1,22.02,0.259,0.16521317,0.024,19.42,116.4738285,3.43715,3.39885,137.352421,25.95,27.68387123,75.717,18,Juvenile,18,0.02202
r2-1-BLD,112.8101434,0.5187,19,4,8.8,11.2,10.3,1,22.02,0.254,0.16521317,0.024,19.42,116.4738285,3.43715,3.39885,137.352421,25.95,27.68387123,75.717,19,Juvenile,19,0.02202
r2-1-BLD,119.2471947,0.5222,20,4,8.8,11.2,10.3,1,22.02,0.257,0.16521317,0.024,19.42,116.4738285,3.43715,3.39885,137.352421,25.95,27.68387123,75.717,20,Juvenile,20,0.02202
r2-1-BLD,124.9679639,0.6407,21.25,4,8.8,11.2,10.3,1,22.02,0.254,0.16521317,0.024,19.42,116.4738285,3.43715,3.39885,137.352421,25.95,27.68387123,75.717,21,Juvenile,21,0.02202
r2-1-BLD,120.5375382,0.3831,22.1,4,8.8,11.2,10.3,1,22.02,0.25,0.16521317,0.024,19.42,116.4738285,3.43715,3.39885,137.352421,25.95,27.68387123,75.717,22,Juvenile,22,0.02202
r2-1-BLD,123.6349155,0.3114,23,4,8.8,11.2,10.3,1,22.02,0.17,0.16521317,0.024,19.42,116.4738285,3.43715,3.39885,137.352421,25.95,27.68387123,75.717,23,Juvenile,23,0.02202
r2-1-BLD,130.5007877,0.6367,24.05,4,8.8,11.2,10.3,1,22.02,0.249,0.16521317,0.024,19.42,116.4738285,3.43715,3.39885,137.352421,25.95,27.68387123,75.717,24,Juvenile,24,0.02202
r2-2-BLD-BLD,85.34126427,0.4679,16.3,6.3,14.1,17,16.3,2,85,0.257,0.164714931,0.057,20.29,119.498861,3.41893,3.39667,137.5187961,26.05,27.08044443,72.84,16,Adult,16,0.085
r2-2-BLD-BLD,132.0273146,0.5405,25,6.3,14.1,17,16.3,2,85,0.257,0.164714931,0.057,20.29,119.498861,3.41893,3.39667,137.5187961,26.05,27.08044443,72.84,25,Adult,25,0.085
r2-2-BLD-BLD,137.5187961,0.6443,26.05,6.3,14.1,17,16.3,2,85,0.254,0.164714931,0.057,20.29,119.498861,3.41893,3.39667,137.5187961,26.05,27.08044443,72.84,26,Adult,26,0.085
r2-2-BLD-BLD,88.73741017,0.336,16.7,6.3,14.1,17,16.3,2,85,0.267,0.164714931,0.057,20.29,119.498861,3.41893,3.39667,137.5187961,26.05,27.08044443,72.84,17,Adult,17,0.085
r2-2-BLD-BLD,100.5431067,0.5299,18.2,6.3,14.1,17,16.3,2,85,0.25,0.164714931,0.057,20.29,119.498861,3.41893,3.39667,137.5187961,26.05,27.08044443,72.84,18,Adult,18,0.085
r2-2-BLD-BLD,110.7057831,0.9762,19.2,6.3,14.1,17,16.3,2,85,0.251,0.164714931,0.057,20.29,119.498861,3.41893,3.39667,137.5187961,26.05,27.08044443,72.84,19,Adult,19,0.085
r2-2-BLD-BLD,115.3869742,0.7619,20,6.3,14.1,17,16.3,2,85,0.246,0.164714931,0.057,20.29,119.498861,3.41893,3.39667,137.5187961,26.05,27.08044443,72.84,20,Adult,20,0.085
r2-2-BLD-BLD,120.8206474,0.973,20.7,6.3,14.1,17,16.3,2,85,0.253,0.164714931,0.057,20.29,119.498861,3.41893,3.39667,137.5187961,26.05,27.08044443,72.84,21,Adult,21,0.085
r2-2-BLD-BLD,126.5432264,9.1279,21.5,6.3,14.1,17,16.3,2,85,0.254,0.164714931,0.057,20.29,119.498861,3.41893,3.39667,137.5187961,26.05,27.08044443,72.84,22,Adult,22,0.085
r2-2-BLD-BLD,122.4470812,14.0785,22.7,6.3,14.1,17,16.3,2,85,0.258,0.164714931,0.057,20.29,119.498861,3.41893,3.39667,137.5187961,26.05,27.08044443,72.84,23,Adult,23,0.085
r2-2-BLD-BLD,124.5934964,0.4788,23.7,6.3,14.1,17,16.3,2,85,0.268,0.164714931,0.057,20.29,119.498861,3.41893,3.39667,137.5187961,26.05,27.08044443,72.84,24,Adult,24,0.085
r2-1-RLD,104.3750059,0.3486,16.3,3,7.5,9.5,8.9,1,12.59,0.257,0.164714931,0.0105,NA,110.9441576,3.48434,3.40746,147.0120503,22.7,26.34911014,68.4,16,Juvenile,16,0.01259
r2-1-RLD,140.4524305,0.4073,25,3,7.5,9.5,8.9,1,12.59,0.257,0.164714931,0.0105,NA,110.9441576,3.48434,3.40746,147.0120503,22.7,26.34911014,68.4,25,Juvenile,25,0.01259
r2-1-RLD,140.266988,0.8413,26.05,3,7.5,9.5,8.9,1,12.59,0.254,0.164714931,0.0105,NA,110.9441576,3.48434,3.40746,147.0120503,22.7,26.34911014,68.4,26,Juvenile,26,0.01259
r2-1-RLD,107.8650973,0.3701,16.7,3,7.5,9.5,8.9,1,12.59,0.267,0.164714931,0.0105,NA,110.9441576,3.48434,3.40746,147.0120503,22.7,26.34911014,68.4,17,Juvenile,17,0.01259
r2-1-RLD,119.8410281,3.3177,18.2,3,7.5,9.5,8.9,1,12.59,0.25,0.164714931,0.0105,NA,110.9441576,3.48434,3.40746,147.0120503,22.7,26.34911014,68.4,18,Juvenile,18,0.01259
r2-1-RLD,120.8266602,0.2618,19.2,3,7.5,9.5,8.9,1,12.59,0.251,0.164714931,0.0105,NA,110.9441576,3.48434,3.40746,147.0120503,22.7,26.34911014,68.4,19,Juvenile,19,0.01259
r2-1-RLD,127.944898,0.2814,20,3,7.5,9.5,8.9,1,12.59,0.246,0.164714931,0.0105,NA,110.9441576,3.48434,3.40746,147.0120503,22.7,26.34911014,68.4,20,Juvenile,20,0.01259
r2-1-RLD,133.398542,0.3889,20.7,3,7.5,9.5,8.9,1,12.59,0.253,0.164714931,0.0105,NA,110.9441576,3.48434,3.40746,147.0120503,22.7,26.34911014,68.4,21,Juvenile,21,0.01259
r2-1-RLD,139.8161586,0.4258,21.5,3,7.5,9.5,8.9,1,12.59,0.254,0.164714931,0.0105,NA,110.9441576,3.48434,3.40746,147.0120503,22.7,26.34911014,68.4,22,Juvenile,22,0.01259
r2-1-RLD,147.0120503,0.5481,22.7,3,7.5,9.5,8.9,1,12.59,0.258,0.164714931,0.0105,NA,110.9441576,3.48434,3.40746,147.0120503,22.7,26.34911014,68.4,23,Juvenile,23,0.01259
r2-1-RLD,144.7110544,0.6027,23.7,3,7.5,9.5,8.9,1,12.59,0.268,0.164714931,0.0105,NA,110.9441576,3.48434,3.40746,147.0120503,22.7,26.34911014,68.4,24,Juvenile,24,0.01259
r2-2-BRTT,87.86202095,0.2738,16.6,6.6,15.3,18.4,17.6,2,105.5,0.257,0.165166486,0.064,21.81,134.677252,3.39629,3.38431,146.0796115,26,NA,65.52,17,Adult,17,0.1055
r2-2-BRTT,142.3586648,0.0933,25.1,6.6,15.3,18.4,17.6,2,105.5,0.257,0.165166486,0.064,21.81,134.677252,3.39629,3.38431,146.0796115,26,NA,65.52,25,Adult,25,0.1055
r2-2-BRTT,146.0796115,0.1049,26,6.6,15.3,18.4,17.6,2,105.5,0.254,0.165166486,0.064,21.81,134.677252,3.39629,3.38431,146.0796115,26,NA,65.52,26,Adult,26,0.1055
r2-2-BRTT,89.85094618,0.2779,17.05,6.6,15.3,18.4,17.6,2,105.5,0.267,0.165166486,0.064,21.81,134.677252,3.39629,3.38431,146.0796115,26,NA,65.52,17,Adult,17,0.1055
r2-2-BRTT,97.53183587,0.2304,18,6.6,15.3,18.4,17.6,2,105.5,0.25,0.165166486,0.064,21.81,134.677252,3.39629,3.38431,146.0796115,26,NA,65.52,18,Adult,18,0.1055
r2-2-BRTT,106.5606026,0.3196,19,6.6,15.3,18.4,17.6,2,105.5,0.251,0.165166486,0.064,21.81,134.677252,3.39629,3.38431,146.0796115,26,NA,65.52,19,Adult,19,0.1055
r2-2-BRTT,114.914917,0.2973,19.95,6.6,15.3,18.4,17.6,2,105.5,0.246,0.165166486,0.064,21.81,134.677252,3.39629,3.38431,146.0796115,26,NA,65.52,20,Adult,20,0.1055
r2-2-BRTT,124.6240237,0.3375,20.8,6.6,15.3,18.4,17.6,2,105.5,0.253,0.165166486,0.064,21.81,134.677252,3.39629,3.38431,146.0796115,26,NA,65.52,21,Adult,21,0.1055
r2-2-BRTT,134.7359295,0.3912,21.8,6.6,15.3,18.4,17.6,2,105.5,0.254,0.165166486,0.064,21.81,134.677252,3.39629,3.38431,146.0796115,26,NA,65.52,22,Adult,22,0.1055
r2-2-BRTT,139.3699541,10.1324,23.15,6.6,15.3,18.4,17.6,2,105.5,0.258,0.165166486,0.064,21.81,134.677252,3.39629,3.38431,146.0796115,26,NA,65.52,23,Adult,23,0.1055
r2-2-BRTT,138.4632333,0.155,24.15,6.6,15.3,18.4,17.6,2,105.5,0.268,0.165166486,0.064,21.81,134.677252,3.39629,3.38431,146.0796115,26,NA,65.52,24,Adult,24,0.1055
r2-1-OLD,99.18297164,0.3544,16.6,2.7,6.7,8.5,8,1,8.3,0.257,0.165166486,0.006,21.26,137.3648617,3.40543,3.38777,140.149656,23.15,25.37498623,61.62,17,Juvenile,17,0.0083
r2-1-OLD,131.7481176,0.4177,25.1,2.7,6.7,8.5,8,1,8.3,0.257,0.165166486,0.006,21.26,137.3648617,3.40543,3.38777,140.149656,23.15,25.37498623,61.62,25,Juvenile,25,0.0083
r2-1-OLD,102.4298099,0.5557,17.05,2.7,6.7,8.5,8,1,8.3,0.267,0.165166486,0.006,21.26,137.3648617,3.40543,3.38777,140.149656,23.15,25.37498623,61.62,17,Juvenile,17,0.0083
r2-1-OLD,110.7923705,0.4438,18,2.7,6.7,8.5,8,1,8.3,0.25,0.165166486,0.006,21.26,137.3648617,3.40543,3.38777,140.149656,23.15,25.37498623,61.62,18,Juvenile,18,0.0083
r2-1-OLD,119.073671,0.4309,19,2.7,6.7,8.5,8,1,8.3,0.251,0.165166486,0.006,21.26,137.3648617,3.40543,3.38777,140.149656,23.15,25.37498623,61.62,19,Juvenile,19,0.0083
r2-1-OLD,125.9554382,0.3073,19.95,2.7,6.7,8.5,8,1,8.3,0.246,0.165166486,0.006,21.26,137.3648617,3.40543,3.38777,140.149656,23.15,25.37498623,61.62,20,Juvenile,20,0.0083
r2-1-OLD,131.7947373,0.4177,20.8,2.7,6.7,8.5,8,1,8.3,0.253,0.165166486,0.006,21.26,137.3648617,3.40543,3.38777,140.149656,23.15,25.37498623,61.62,21,Juvenile,21,0.0083
r2-1-OLD,138.1406627,0.4697,21.8,2.7,6.7,8.5,8,1,8.3,0.254,0.165166486,0.006,21.26,137.3648617,3.40543,3.38777,140.149656,23.15,25.37498623,61.62,22,Juvenile,22,0.0083
r2-1-OLD,140.149656,0.4694,23.15,2.7,6.7,8.5,8,1,8.3,0.258,0.165166486,0.006,21.26,137.3648617,3.40543,3.38777,140.149656,23.15,25.37498623,61.62,23,Juvenile,23,0.0083
r2-1-OLD,136.479151,0.47,24.15,2.7,6.7,8.5,8,1,8.3,0.268,0.165166486,0.006,21.26,137.3648617,3.40543,3.38777,140.149656,23.15,25.37498623,61.62,24,Juvenile,24,0.0083
r2-4-RRD-ORD,80.48872237,0.4716,15.8,7.8,16.5,20.5,19.7,4,162.5,0.276,0.16097821,0.107,19.83,104.6933373,3.42675,3.39965,132.8472634,26.1,27.04373843,77.94,16,Adult,16,0.1625
r2-4-RRD-ORD,124.8261607,1.0897,24.1,7.8,16.5,20.5,19.7,4,162.5,0.26,0.16097821,0.107,19.83,104.6933373,3.42675,3.39965,132.8472634,26.1,27.04373843,77.94,24,Adult,24,0.1625
r2-4-RRD-ORD,129.9456067,0.8824,25,7.8,16.5,20.5,19.7,4,162.5,0.271,0.16097821,0.107,19.83,104.6933373,3.42675,3.39965,132.8472634,26.1,27.04373843,77.94,25,Adult,25,0.1625
r2-4-RRD-ORD,132.8472634,1.8775,26.1,7.8,16.5,20.5,19.7,4,162.5,0.271,0.16097821,0.107,19.83,104.6933373,3.42675,3.39965,132.8472634,26.1,27.04373843,77.94,26,Adult,26,0.1625
r2-4-RRD-ORD,121.3287656,1.4008,27.05,7.8,16.5,20.5,19.7,4,162.5,0.294,0.16097821,0.107,19.83,104.6933373,3.42675,3.39965,132.8472634,26.1,27.04373843,77.94,27,Adult,27,0.1625
r2-4-RRD-ORD,82.32055931,0.5091,16.4,7.8,16.5,20.5,19.7,4,162.5,0.256,0.16097821,0.107,19.83,104.6933373,3.42675,3.39965,132.8472634,26.1,27.04373843,77.94,16,Adult,16,0.1625
r2-4-RRD-ORD,86.88462332,0.7215,17.1,7.8,16.5,20.5,19.7,4,162.5,0.285,0.16097821,0.107,19.83,104.6933373,3.42675,3.39965,132.8472634,26.1,27.04373843,77.94,17,Adult,17,0.1625
r2-4-RRD-ORD,93.70299649,0.5783,18.2,7.8,16.5,20.5,19.7,4,162.5,0.353,0.16097821,0.107,19.83,104.6933373,3.42675,3.39965,132.8472634,26.1,27.04373843,77.94,18,Adult,18,0.1625
r2-4-RRD-ORD,100.1593658,1.0765,19.1,7.8,16.5,20.5,19.7,4,162.5,0.247,0.16097821,0.107,19.83,104.6933373,3.42675,3.39965,132.8472634,26.1,27.04373843,77.94,19,Adult,19,0.1625
r2-4-RRD-ORD,106.2668498,1.7189,20,7.8,16.5,20.5,19.7,4,162.5,0.254,0.16097821,0.107,19.83,104.6933373,3.42675,3.39965,132.8472634,26.1,27.04373843,77.94,20,Adult,20,0.1625
r2-4-RRD-ORD,110.4581724,5.7052,21.1,7.8,16.5,20.5,19.7,4,162.5,0.255,0.16097821,0.107,19.83,104.6933373,3.42675,3.39965,132.8472634,26.1,27.04373843,77.94,21,Adult,21,0.1625
r2-4-RRD-ORD,112.2166719,0.8763,22.05,7.8,16.5,20.5,19.7,4,162.5,0.224,0.16097821,0.107,19.83,104.6933373,3.42675,3.39965,132.8472634,26.1,27.04373843,77.94,22,Adult,22,0.1625
r2-4-RRD-ORD,119.1037094,0.9518,23.2,7.8,16.5,20.5,19.7,4,162.5,0.26,0.16097821,0.107,19.83,104.6933373,3.42675,3.39965,132.8472634,26.1,27.04373843,77.94,23,Adult,23,0.1625
r2-3-GLD-GLD,87.56202333,0.2403,16,7,15.7,20,18.3,3,123.5,0.276,0.160289582,0.075,22.91,129.5412237,3.38828,3.36712,136.9837316,25.1,26.60120739,75.12,16,Adult,16,0.1235
r2-3-GLD-GLD,134.7134063,0.2721,24.1,7,15.7,20,18.3,3,123.5,0.26,0.160289582,0.075,22.91,129.5412237,3.38828,3.36712,136.9837316,25.1,26.60120739,75.12,24,Adult,24,0.1235
r2-3-GLD-GLD,136.9837316,0.163,25.1,7,15.7,20,18.3,3,123.5,0.271,0.160289582,0.075,22.91,129.5412237,3.38828,3.36712,136.9837316,25.1,26.60120739,75.12,25,Adult,25,0.1235
r2-3-GLD-GLD,109.2206526,0.3617,26.1,7,15.7,20,18.3,3,123.5,0.271,0.160289582,0.075,22.91,129.5412237,3.38828,3.36712,136.9837316,25.1,26.60120739,75.12,26,Adult,26,0.1235
r2-3-GLD-GLD,89.52253411,0.3219,16.3,7,15.7,20,18.3,3,123.5,0.256,0.160289582,0.075,22.91,129.5412237,3.38828,3.36712,136.9837316,25.1,26.60120739,75.12,16,Adult,16,0.1235
r2-3-GLD-GLD,94.59392782,0.2414,17.2,7,15.7,20,18.3,3,123.5,0.285,0.160289582,0.075,22.91,129.5412237,3.38828,3.36712,136.9837316,25.1,26.60120739,75.12,17,Adult,17,0.1235
r2-3-GLD-GLD,100.259497,0.3032,18.2,7,15.7,20,18.3,3,123.5,0.353,0.160289582,0.075,22.91,129.5412237,3.38828,3.36712,136.9837316,25.1,26.60120739,75.12,18,Adult,18,0.1235
r2-3-GLD-GLD,106.2578985,0.5635,19.1,7,15.7,20,18.3,3,123.5,0.247,0.160289582,0.075,22.91,129.5412237,3.38828,3.36712,136.9837316,25.1,26.60120739,75.12,19,Adult,19,0.1235
r2-3-GLD-GLD,111.9566144,1.0156,20.1,7,15.7,20,18.3,3,123.5,0.254,0.160289582,0.075,22.91,129.5412237,3.38828,3.36712,136.9837316,25.1,26.60120739,75.12,20,Adult,20,0.1235
r2-3-GLD-GLD,116.5997299,0.2588,21.1,7,15.7,20,18.3,3,123.5,0.255,0.160289582,0.075,22.91,129.5412237,3.38828,3.36712,136.9837316,25.1,26.60120739,75.12,21,Adult,21,0.1235
r2-3-GLD-GLD,123.0475063,0.2724,22.1,7,15.7,20,18.3,3,123.5,0.224,0.160289582,0.075,22.91,129.5412237,3.38828,3.36712,136.9837316,25.1,26.60120739,75.12,22,Adult,22,0.1235
r2-3-GLD-GLD,130.0807555,0.2521,23.2,7,15.7,20,18.3,3,123.5,0.26,0.160289582,0.075,22.91,129.5412237,3.38828,3.36712,136.9837316,25.1,26.60120739,75.12,23,Adult,23,0.1235
r2-3-RRD-RRD,79.65952119,1.0574,16,6.5,15.4,18.5,17.6,5,100,0.276,0.160289582,0.094,22.97,126.5245423,3.38148,3.37252,129.3608708,24.1,26.79355489,76.32,16,Adult,16,0.1
r2-3-RRD-RRD,129.3608708,0.3286,24.1,6.5,15.4,18.5,17.6,5,100,0.26,0.160289582,0.094,22.97,126.5245423,3.38148,3.37252,129.3608708,24.1,26.79355489,76.32,24,Adult,24,0.1
r2-3-RRD-RRD,128.5932433,0.2474,25.1,6.5,15.4,18.5,17.6,5,100,0.271,0.160289582,0.094,22.97,126.5245423,3.38148,3.37252,129.3608708,24.1,26.79355489,76.32,25,Adult,25,0.1
r2-3-RRD-RRD,116.6311941,0.2809,26.1,6.5,15.4,18.5,17.6,5,100,0.271,0.160289582,0.094,22.97,126.5245423,3.38148,3.37252,129.3608708,24.1,26.79355489,76.32,26,Adult,26,0.1
r2-3-RRD-RRD,82.11588578,1.116,16.3,6.5,15.4,18.5,17.6,5,100,0.256,0.160289582,0.094,22.97,126.5245423,3.38148,3.37252,129.3608708,24.1,26.79355489,76.32,16,Adult,16,0.1
r2-3-RRD-RRD,86.68852202,1.4832,17.2,6.5,15.4,18.5,17.6,5,100,0.285,0.160289582,0.094,22.97,126.5245423,3.38148,3.37252,129.3608708,24.1,26.79355489,76.32,17,Adult,17,0.1
r2-3-RRD-RRD,92.78076839,1.9983,18.2,6.5,15.4,18.5,17.6,5,100,0.353,0.160289582,0.094,22.97,126.5245423,3.38148,3.37252,129.3608708,24.1,26.79355489,76.32,18,Adult,18,0.1
r2-3-RRD-RRD,99.23147716,1.8282,19.1,6.5,15.4,18.5,17.6,5,100,0.247,0.160289582,0.094,22.97,126.5245423,3.38148,3.37252,129.3608708,24.1,26.79355489,76.32,19,Adult,19,0.1
r2-3-RRD-RRD,105.1190133,0.9693,20.1,6.5,15.4,18.5,17.6,5,100,0.254,0.160289582,0.094,22.97,126.5245423,3.38148,3.37252,129.3608708,24.1,26.79355489,76.32,20,Adult,20,0.1
r2-3-RRD-RRD,112.1234624,0.5762,21.1,6.5,15.4,18.5,17.6,5,100,0.255,0.160289582,0.094,22.97,126.5245423,3.38148,3.37252,129.3608708,24.1,26.79355489,76.32,21,Adult,21,0.1
r2-3-RRD-RRD,119.2118712,0.4414,22.1,6.5,15.4,18.5,17.6,5,100,0.224,0.160289582,0.094,22.97,126.5245423,3.38148,3.37252,129.3608708,24.1,26.79355489,76.32,22,Adult,22,0.1
r2-3-RRD-RRD,127.072576,0.3542,23.2,6.5,15.4,18.5,17.6,5,100,0.26,0.160289582,0.094,22.97,126.5245423,3.38148,3.37252,129.3608708,24.1,26.79355489,76.32,23,Adult,23,0.1
r2-4-GRD-ORD,115.9495722,0.1401,23.05,9.1,20.2,23.5,23.5,4,249,0.251,0.163881911,0.179,24.49,124.7010596,3.3663,3.3533,126.9644261,26.1,26.81761544,76.38,23,Adult,23,0.249
r2-4-GRD-ORD,76.5591205,1.346,15.65,9.1,20.2,23.5,23.5,4,249,0.323,0.163881911,0.179,24.49,124.7010596,3.3663,3.3533,126.9644261,26.1,26.81761544,76.38,16,Adult,16,0.249
r2-4-GRD-ORD,121.5432697,0.1705,24.1,9.1,20.2,23.5,23.5,4,249,0.22,0.163881911,0.179,24.49,124.7010596,3.3663,3.3533,126.9644261,26.1,26.81761544,76.38,24,Adult,24,0.249
r2-4-GRD-ORD,125.4277353,0.668,25,9.1,20.2,23.5,23.5,4,249,0.213,0.163881911,0.179,24.49,124.7010596,3.3663,3.3533,126.9644261,26.1,26.81761544,76.38,25,Adult,25,0.249
r2-4-GRD-ORD,126.9644261,0.2409,26.1,9.1,20.2,23.5,23.5,4,249,0.251,0.163881911,0.179,24.49,124.7010596,3.3663,3.3533,126.9644261,26.1,26.81761544,76.38,26,Adult,26,0.249
r2-4-GRD-ORD,78.0963073,1.2666,16.15,9.1,20.2,23.5,23.5,4,249,0.271,0.163881911,0.179,24.49,124.7010596,3.3663,3.3533,126.9644261,26.1,26.81761544,76.38,16,Adult,16,0.249
r2-4-GRD-ORD,81.28626823,0.9604,16.75,9.1,20.2,23.5,23.5,4,249,0.317,0.163881911,0.179,24.49,124.7010596,3.3663,3.3533,126.9644261,26.1,26.81761544,76.38,17,Adult,17,0.249
r2-4-GRD-ORD,88.28866544,0.827,18.1,9.1,20.2,23.5,23.5,4,249,0.27,0.163881911,0.179,24.49,124.7010596,3.3663,3.3533,126.9644261,26.1,26.81761544,76.38,18,Adult,18,0.249
r2-4-GRD-ORD,94.04568863,1.1522,19.1,9.1,20.2,23.5,23.5,4,249,0.294,0.163881911,0.179,24.49,124.7010596,3.3663,3.3533,126.9644261,26.1,26.81761544,76.38,19,Adult,19,0.249
r2-4-GRD-ORD,98.51993913,1.008,20.2,9.1,20.2,23.5,23.5,4,249,0.275,0.163881911,0.179,24.49,124.7010596,3.3663,3.3533,126.9644261,26.1,26.81761544,76.38,20,Adult,20,0.249
r2-4-GRD-ORD,103.1512898,1.2335,21.1,9.1,20.2,23.5,23.5,4,249,0.145,0.163881911,0.179,24.49,124.7010596,3.3663,3.3533,126.9644261,26.1,26.81761544,76.38,21,Adult,21,0.249
r2-4-GRD-ORD,109.2791773,0.0909,22.05,9.1,20.2,23.5,23.5,4,249,0.12,0.163881911,0.179,24.49,124.7010596,3.3663,3.3533,126.9644261,26.1,26.81761544,76.38,22,Adult,22,0.249
r2-2-BLTT,121.2812529,11.3761,23,7.1,16,19.5,18.8,2,126,0.12,0.164203179,0.085,20.75,118.2431976,3.41253,3.39247,134.0041707,25.9,27.13218293,72.36,23,Adult,23,0.126
r2-2-BLTT,85.81664446,1.5094,16.4,7.1,16,19.5,18.8,2,126,0.323,0.164203179,0.085,20.75,118.2431976,3.41253,3.39247,134.0041707,25.9,27.13218293,72.36,16,Adult,16,0.126
r2-2-BLTT,130.4660933,0.2862,25.1,7.1,16,19.5,18.8,2,126,0.22,0.164203179,0.085,20.75,118.2431976,3.41253,3.39247,134.0041707,25.9,27.13218293,72.36,25,Adult,25,0.126
r2-2-BLTT,134.0041707,0.2048,25.9,7.1,16,19.5,18.8,2,126,0.213,0.164203179,0.085,20.75,118.2431976,3.41253,3.39247,134.0041707,25.9,27.13218293,72.36,26,Adult,26,0.126
r2-2-BLTT,131.2901683,0.635,27,7.1,16,19.5,18.8,2,126,0.251,0.164203179,0.085,20.75,118.2431976,3.41253,3.39247,134.0041707,25.9,27.13218293,72.36,27,Adult,27,0.126
r2-2-BLTT,87.94065094,1.1058,17,7.1,16,19.5,18.8,2,126,0.271,0.164203179,0.085,20.75,118.2431976,3.41253,3.39247,134.0041707,25.9,27.13218293,72.36,17,Adult,17,0.126
r2-2-BLTT,96.38429667,0.9506,18,7.1,16,19.5,18.8,2,126,0.317,0.164203179,0.085,20.75,118.2431976,3.41253,3.39247,134.0041707,25.9,27.13218293,72.36,18,Adult,18,0.126
r2-2-BLTT,105.290761,0.9308,19.1,7.1,16,19.5,18.8,2,126,0.27,0.164203179,0.085,20.75,118.2431976,3.41253,3.39247,134.0041707,25.9,27.13218293,72.36,19,Adult,19,0.126
r2-2-BLTT,112.205409,0.9868,20.1,7.1,16,19.5,18.8,2,126,0.294,0.164203179,0.085,20.75,118.2431976,3.41253,3.39247,134.0041707,25.9,27.13218293,72.36,20,Adult,20,0.126
r2-2-BLTT,119.7605479,0.7071,21.1,7.1,16,19.5,18.8,2,126,0.275,0.164203179,0.085,20.75,118.2431976,3.41253,3.39247,134.0041707,25.9,27.13218293,72.36,21,Adult,21,0.126
r2-2-BLTT,124.1323965,6.8509,22.1,7.1,16,19.5,18.8,2,126,0.145,0.164203179,0.085,20.75,118.2431976,3.41253,3.39247,134.0041707,25.9,27.13218293,72.36,22,Adult,22,0.126
r2-2-BLTT,125.7261436,8.0947,24.1,7.1,16,19.5,18.8,2,126,0.251,0.164203179,0.085,20.75,118.2431976,3.41253,3.39247,134.0041707,25.9,27.13218293,72.36,24,Adult,24,0.126
r2-2-GRTT,125.5177976,1.5427,22.1,7,15.4,18.1,17.8,2,113,0.145,0.164203179,0.072,20.92,120.4929687,3.40997,3.39123,131.6381672,25.1,26.98440007,71.46,22,Adult,22,0.113
r2-2-GRTT,86.12965252,0.3783,16.4,7,15.4,18.1,17.8,2,113,0.323,0.164203179,0.072,20.92,120.4929687,3.40997,3.39123,131.6381672,25.1,26.98440007,71.46,16,Adult,16,0.113
r2-2-GRTT,131.6381672,1.0257,25.1,7,15.4,18.1,17.8,2,113,0.22,0.164203179,0.072,20.92,120.4929687,3.40997,3.39123,131.6381672,25.1,26.98440007,71.46,25,Adult,25,0.113
r2-2-GRTT,131.5389709,0.8514,25.9,7,15.4,18.1,17.8,2,113,0.213,0.164203179,0.072,20.92,120.4929687,3.40997,3.39123,131.6381672,25.1,26.98440007,71.46,26,Adult,26,0.113
r2-2-GRTT,57.6294306,23.5907,27,7,15.4,18.1,17.8,2,113,0.251,0.164203179,0.072,20.92,120.4929687,3.40997,3.39123,131.6381672,25.1,26.98440007,71.46,27,Adult,27,0.113
r2-2-GRTT,88.58044566,0.5477,17,7,15.4,18.1,17.8,2,113,0.271,0.164203179,0.072,20.92,120.4929687,3.40997,3.39123,131.6381672,25.1,26.98440007,71.46,17,Adult,17,0.113
r2-2-GRTT,95.57664463,0.7361,18,7,15.4,18.1,17.8,2,113,0.317,0.164203179,0.072,20.92,120.4929687,3.40997,3.39123,131.6381672,25.1,26.98440007,71.46,18,Adult,18,0.113
r2-2-GRTT,105.1089119,0.5744,19.1,7,15.4,18.1,17.8,2,113,0.27,0.164203179,0.072,20.92,120.4929687,3.40997,3.39123,131.6381672,25.1,26.98440007,71.46,19,Adult,19,0.113
r2-2-GRTT,113.7239959,0.6937,20.1,7,15.4,18.1,17.8,2,113,0.294,0.164203179,0.072,20.92,120.4929687,3.40997,3.39123,131.6381672,25.1,26.98440007,71.46,20,Adult,20,0.113
r2-2-GRTT,120.7910945,0.8987,21.1,7,15.4,18.1,17.8,2,113,0.275,0.164203179,0.072,20.92,120.4929687,3.40997,3.39123,131.6381672,25.1,26.98440007,71.46,21,Adult,21,0.113
r2-2-GRTT,122.5852694,0.8799,23,7,15.4,18.1,17.8,2,113,0.12,0.164203179,0.072,20.92,120.4929687,3.40997,3.39123,131.6381672,25.1,26.98440007,71.46,23,Adult,23,0.113
r2-2-GRTT,127.753023,0.9886,24.1,7,15.4,18.1,17.8,2,113,0.251,0.164203179,0.072,20.92,120.4929687,3.40997,3.39123,131.6381672,25.1,26.98440007,71.46,24,Adult,24,0.113
r2-4-RLD-GLD,74.39889221,0.154979759,16,9,19.2,23.8,22.6,4,233,0.286,0.165192079,0.132,23.56,116.0764156,3.37668,3.36392,117.6637421,25,26.77394352,70.02,16,Adult,16,0.233
r2-4-RLD-GLD,117.6637421,0.1186,25,9,19.2,23.8,22.6,4,233,0.172,0.165192079,0.132,23.56,116.0764156,3.37668,3.36392,117.6637421,25,26.77394352,70.02,25,Adult,25,0.233
r2-4-RLD-GLD,117.317824,0.2048,26.1,9,19.2,23.8,22.6,4,233,0.201,0.165192079,0.132,23.56,116.0764156,3.37668,3.36392,117.6637421,25,26.77394352,70.02,26,Adult,26,0.233
r2-4-RLD-GLD,78.38731103,0.2264,17.15,9,19.2,23.8,22.6,4,233,0.257,0.165192079,0.132,23.56,116.0764156,3.37668,3.36392,117.6637421,25,26.77394352,70.02,17,Adult,17,0.233
r2-4-RLD-GLD,83.98585539,0.218,18.2,9,19.2,23.8,22.6,4,233,0.338,0.165192079,0.132,23.56,116.0764156,3.37668,3.36392,117.6637421,25,26.77394352,70.02,18,Adult,18,0.233
r2-4-RLD-GLD,88.76416328,0.1678,19.05,9,19.2,23.8,22.6,4,233,0.259,0.165192079,0.132,23.56,116.0764156,3.37668,3.36392,117.6637421,25,26.77394352,70.02,19,Adult,19,0.233
r2-4-RLD-GLD,94.04477151,0.1007,20,9,19.2,23.8,22.6,4,233,0.263,0.165192079,0.132,23.56,116.0764156,3.37668,3.36392,117.6637421,25,26.77394352,70.02,20,Adult,20,0.233
r2-4-RLD-GLD,100.3811761,0.0965,21.1,9,19.2,23.8,22.6,4,233,0.255,0.165192079,0.132,23.56,116.0764156,3.37668,3.36392,117.6637421,25,26.77394352,70.02,21,Adult,21,0.233
r2-4-RLD-GLD,107.4378535,0.1347,22.15,9,19.2,23.8,22.6,4,233,0.256,0.165192079,0.132,23.56,116.0764156,3.37668,3.36392,117.6637421,25,26.77394352,70.02,22,Adult,22,0.233
r2-4-RLD-GLD,112.7297658,0.0731,23.1,9,19.2,23.8,22.6,4,233,0.263,0.165192079,0.132,23.56,116.0764156,3.37668,3.36392,117.6637421,25,26.77394352,70.02,23,Adult,23,0.233
r2-4-RLD-GLD,116.6592947,0.0696,24.1,9,19.2,23.8,22.6,4,233,0.253,0.165192079,0.132,23.56,116.0764156,3.37668,3.36392,117.6637421,25,26.77394352,70.02,24,Adult,24,0.233
r2-3-GRD-GRD,81.68904943,0.333273697,15.85,6.9,15.5,19.3,18.1,3,124.5,0.286,0.167491895,0.069,NA,107.9665179,3.44106,3.38374,155.1635991,26.9,28.89624219,82.92,16,Adult,16,0.1245
r2-3-GRD-GRD,138.9619247,0.1371,25,6.9,15.5,19.3,18.1,3,124.5,0.172,0.167491895,0.069,NA,107.9665179,3.44106,3.38374,155.1635991,26.9,28.89624219,82.92,25,Adult,25,0.1245
r2-3-GRD-GRD,147.2641291,0.0549,26,6.9,15.5,19.3,18.1,3,124.5,0.201,0.167491895,0.069,NA,107.9665179,3.44106,3.38374,155.1635991,26.9,28.89624219,82.92,26,Adult,26,0.1245
r2-3-GRD-GRD,155.1635991,0.0603,26.9,6.9,15.5,19.3,18.1,3,124.5,0.255,0.167491895,0.069,NA,107.9665179,3.44106,3.38374,155.1635991,26.9,28.89624219,82.92,27,Adult,27,0.1245
r2-3-GRD-GRD,129.7288721,0.5164,28,6.9,15.5,19.3,18.1,3,124.5,0.173,0.167491895,0.069,NA,107.9665179,3.44106,3.38374,155.1635991,26.9,28.89624219,82.92,28,Adult,28,0.1245
r2-3-GRD-GRD,87.35744546,0.3974,17.05,6.9,15.5,19.3,18.1,3,124.5,0.257,0.167491895,0.069,NA,107.9665179,3.44106,3.38374,155.1635991,26.9,28.89624219,82.92,17,Adult,17,0.1245
r2-3-GRD-GRD,94.29036786,0.4341,17.9,6.9,15.5,19.3,18.1,3,124.5,0.338,0.167491895,0.069,NA,107.9665179,3.44106,3.38374,155.1635991,26.9,28.89624219,82.92,18,Adult,18,0.1245
r2-3-GRD-GRD,101.2770108,0.6862,19,6.9,15.5,19.3,18.1,3,124.5,0.259,0.167491895,0.069,NA,107.9665179,3.44106,3.38374,155.1635991,26.9,28.89624219,82.92,19,Adult,19,0.1245
r2-3-GRD-GRD,109.7064375,0.4602,19.9,6.9,15.5,19.3,18.1,3,124.5,0.263,0.167491895,0.069,NA,107.9665179,3.44106,3.38374,155.1635991,26.9,28.89624219,82.92,20,Adult,20,0.1245
r2-3-GRD-GRD,115.9020675,0.3631,20.95,6.9,15.5,19.3,18.1,3,124.5,0.255,0.167491895,0.069,NA,107.9665179,3.44106,3.38374,155.1635991,26.9,28.89624219,82.92,21,Adult,21,0.1245
r2-3-GRD-GRD,116.9176849,0.2523,21.9,6.9,15.5,19.3,18.1,3,124.5,0.256,0.167491895,0.069,NA,107.9665179,3.44106,3.38374,155.1635991,26.9,28.89624219,82.92,22,Adult,22,0.1245
r2-3-GRD-GRD,124.5464175,0.1152,23,6.9,15.5,19.3,18.1,3,124.5,0.263,0.167491895,0.069,NA,107.9665179,3.44106,3.38374,155.1635991,26.9,28.89624219,82.92,23,Adult,23,0.1245
r2-3-GRD-GRD,131.912725,0.1364,24.1,6.9,15.5,19.3,18.1,3,124.5,0.253,0.167491895,0.069,NA,107.9665179,3.44106,3.38374,155.1635991,26.9,28.89624219,82.92,24,Adult,24,0.1245
r2-2-RLD-RLD,84.35626984,0.182774583,15.85,6.8,15,18.7,17.5,2,99,0.286,0.167491895,0.056,21.33,131.0604622,3.40565,3.38595,157.0205688,26,28.57465775,81,16,Adult,16,0.099
r2-2-RLD-RLD,148.82503,0.1134,25,6.8,15,18.7,17.5,2,99,0.172,0.167491895,0.056,21.33,131.0604622,3.40565,3.38595,157.0205688,26,28.57465775,81,25,Adult,25,0.099
r2-2-RLD-RLD,157.0205688,0.1864,26,6.8,15,18.7,17.5,2,99,0.201,0.167491895,0.056,21.33,131.0604622,3.40565,3.38595,157.0205688,26,28.57465775,81,26,Adult,26,0.099
r2-2-RLD-RLD,153.7237774,0.2498,26.9,6.8,15,18.7,17.5,2,99,0.255,0.167491895,0.056,21.33,131.0604622,3.40565,3.38595,157.0205688,26,28.57465775,81,27,Adult,27,0.099
r2-2-RLD-RLD,136.6480414,0.4648,28,6.8,15,18.7,17.5,2,99,0.173,0.167491895,0.056,21.33,131.0604622,3.40565,3.38595,157.0205688,26,28.57465775,81,28,Adult,28,0.099
r2-2-RLD-RLD,91.46353912,0.1792,17.05,6.8,15,18.7,17.5,2,99,0.257,0.167491895,0.056,21.33,131.0604622,3.40565,3.38595,157.0205688,26,28.57465775,81,17,Adult,17,0.099
r2-2-RLD-RLD,99.7429909,0.1372,17.9,6.8,15,18.7,17.5,2,99,0.338,0.167491895,0.056,21.33,131.0604622,3.40565,3.38595,157.0205688,26,28.57465775,81,18,Adult,18,0.099
r2-2-RLD-RLD,108.1985202,0.1867,19,6.8,15,18.7,17.5,2,99,0.259,0.167491895,0.056,21.33,131.0604622,3.40565,3.38595,157.0205688,26,28.57465775,81,19,Adult,19,0.099
r2-2-RLD-RLD,117.7487534,0.1294,19.9,6.8,15,18.7,17.5,2,99,0.263,0.167491895,0.056,21.33,131.0604622,3.40565,3.38595,157.0205688,26,28.57465775,81,20,Adult,20,0.099
r2-2-RLD-RLD,126.8127568,0.1727,20.95,6.8,15,18.7,17.5,2,99,0.255,0.167491895,0.056,21.33,131.0604622,3.40565,3.38595,157.0205688,26,28.57465775,81,21,Adult,21,0.099
r2-2-RLD-RLD,134.7106978,0.203,21.9,6.8,15,18.7,17.5,2,99,0.256,0.167491895,0.056,21.33,131.0604622,3.40565,3.38595,157.0205688,26,28.57465775,81,22,Adult,22,0.099
r2-2-RLD-RLD,140.2485572,3.951,23,6.8,15,18.7,17.5,2,99,0.263,0.167491895,0.056,21.33,131.0604622,3.40565,3.38595,157.0205688,26,28.57465775,81,23,Adult,23,0.099
r2-2-RLD-RLD,141.4312783,0.16,24.1,6.8,15,18.7,17.5,2,99,0.253,0.167491895,0.056,21.33,131.0604622,3.40565,3.38595,157.0205688,26,28.57465775,81,24,Adult,24,0.099
r2-1-GLTT,92.931915,0.1544,16,3.2,7.7,9.8,9.2,1,14.47,0.291,0.168374688,0.014,20.23,128.0132469,3.41479,3.40221,140.4645294,25.15,26.34134718,66.627,16,Juvenile,16,0.01447
r2-1-GLTT,140.4645294,0.23,25.15,3.2,7.7,9.8,9.2,1,14.47,0.218,0.168374688,0.014,20.23,128.0132469,3.41479,3.40221,140.4645294,25.15,26.34134718,66.627,25,Juvenile,25,0.01447
r2-1-GLTT,128.5681498,0.4886,26,3.2,7.7,9.8,9.2,1,14.47,0.258,0.168374688,0.014,20.23,128.0132469,3.41479,3.40221,140.4645294,25.15,26.34134718,66.627,26,Juvenile,26,0.01447
r2-1-GLTT,103.1748158,0.2849,17.05,3.2,7.7,9.8,9.2,1,14.47,0.257,0.168374688,0.014,20.23,128.0132469,3.41479,3.40221,140.4645294,25.15,26.34134718,66.627,17,Juvenile,17,0.01447
r2-1-GLTT,109.7763435,0.2032,18.1,3.2,7.7,9.8,9.2,1,14.47,0.287,0.168374688,0.014,20.23,128.0132469,3.41479,3.40221,140.4645294,25.15,26.34134718,66.627,18,Juvenile,18,0.01447
r2-1-GLTT,118.0547891,0.2319,19.1,3.2,7.7,9.8,9.2,1,14.47,0.265,0.168374688,0.014,20.23,128.0132469,3.41479,3.40221,140.4645294,25.15,26.34134718,66.627,19,Juvenile,19,0.01447
r2-1-GLTT,125.1916354,0.3154,20,3.2,7.7,9.8,9.2,1,14.47,0.262,0.168374688,0.014,20.23,128.0132469,3.41479,3.40221,140.4645294,25.15,26.34134718,66.627,20,Juvenile,20,0.01447
r2-1-GLTT,130.6668518,0.3952,21.15,3.2,7.7,9.8,9.2,1,14.47,0.271,0.168374688,0.014,20.23,128.0132469,3.41479,3.40221,140.4645294,25.15,26.34134718,66.627,21,Juvenile,21,0.01447
r2-1-GLTT,132.1532412,0.2647,22.2,3.2,7.7,9.8,9.2,1,14.47,0.255,0.168374688,0.014,20.23,128.0132469,3.41479,3.40221,140.4645294,25.15,26.34134718,66.627,22,Juvenile,22,0.01447
r2-1-GLTT,134.6809586,0.2551,23.1,3.2,7.7,9.8,9.2,1,14.47,0.258,0.168374688,0.014,20.23,128.0132469,3.41479,3.40221,140.4645294,25.15,26.34134718,66.627,23,Juvenile,23,0.01447
r2-1-GLTT,136.7133789,0.2648,24.15,3.2,7.7,9.8,9.2,1,14.47,0.257,0.168374688,0.014,20.23,128.0132469,3.41479,3.40221,140.4645294,25.15,26.34134718,66.627,24,Juvenile,24,0.01447
r2-1-ORD,102.2899254,0.2153,16,3.6,8.3,10.5,9.7,1,17.6,0.291,0.168374688,0.014,20.73,137.3110664,3.40752,3.39788,144.4126888,24.15,24.95747562,58.408,16,Juvenile,16,0.0176
r2-1-ORD,110.3900961,0.3381,17.05,3.6,8.3,10.5,9.7,1,17.6,0.257,0.168374688,0.014,20.73,137.3110664,3.40752,3.39788,144.4126888,24.15,24.95747562,58.408,17,Juvenile,17,0.0176
r2-1-ORD,117.1988091,0.3087,18.1,3.6,8.3,10.5,9.7,1,17.6,0.287,0.168374688,0.014,20.73,137.3110664,3.40752,3.39788,144.4126888,24.15,24.95747562,58.408,18,Juvenile,18,0.0176
r2-1-ORD,124.4956524,0.4471,19.1,3.6,8.3,10.5,9.7,1,17.6,0.265,0.168374688,0.014,20.73,137.3110664,3.40752,3.39788,144.4126888,24.15,24.95747562,58.408,19,Juvenile,19,0.0176
r2-1-ORD,130.9666829,0.3683,20,3.6,8.3,10.5,9.7,1,17.6,0.262,0.168374688,0.014,20.73,137.3110664,3.40752,3.39788,144.4126888,24.15,24.95747562,58.408,20,Juvenile,20,0.0176
r2-1-ORD,137.8416896,0.5348,21.15,3.6,8.3,10.5,9.7,1,17.6,0.271,0.168374688,0.014,20.73,137.3110664,3.40752,3.39788,144.4126888,24.15,24.95747562,58.408,21,Juvenile,21,0.0176
r2-1-ORD,140.7462411,0.5128,22.2,3.6,8.3,10.5,9.7,1,17.6,0.255,0.168374688,0.014,20.73,137.3110664,3.40752,3.39788,144.4126888,24.15,24.95747562,58.408,22,Juvenile,22,0.0176
r2-1-ORD,143.4069362,0.5524,23.1,3.6,8.3,10.5,9.7,1,17.6,0.258,0.168374688,0.014,20.73,137.3110664,3.40752,3.39788,144.4126888,24.15,24.95747562,58.408,23,Juvenile,23,0.0176
r2-1-ORD,144.4126888,0.5579,24.15,3.6,8.3,10.5,9.7,1,17.6,0.257,0.168374688,0.014,20.73,137.3110664,3.40752,3.39788,144.4126888,24.15,24.95747562,58.408,24,Juvenile,24,0.0176
r2-3-OLD-OLD,84.78934002,0.3128,16,7,16,19.8,18.6,3,121,0.291,0.165927038,0.068,21.31,125.4005733,3.40902,3.38298,132.7600768,23,25.70763129,63.98,16,Adult,16,0.121
r2-3-OLD-OLD,108.122398,0.4854,24.8,7,16,19.8,18.6,3,121,0.218,0.165927038,0.068,21.31,125.4005733,3.40902,3.38298,132.7600768,23,25.70763129,63.98,25,Adult,25,0.121
r2-3-OLD-OLD,89.31218962,0.3891,16.95,7,16,19.8,18.6,3,121,0.257,0.165927038,0.068,21.31,125.4005733,3.40902,3.38298,132.7600768,23,25.70763129,63.98,17,Adult,17,0.121
r2-3-OLD-OLD,98.20703153,0.4751,18,7,16,19.8,18.6,3,121,0.287,0.165927038,0.068,21.31,125.4005733,3.40902,3.38298,132.7600768,23,25.70763129,63.98,18,Adult,18,0.121
r2-3-OLD-OLD,106.0739141,0.5227,19,7,16,19.8,18.6,3,121,0.265,0.165927038,0.068,21.31,125.4005733,3.40902,3.38298,132.7600768,23,25.70763129,63.98,19,Adult,19,0.121
r2-3-OLD-OLD,114.2125134,0.8207,20.1,7,16,19.8,18.6,3,121,0.262,0.165927038,0.068,21.31,125.4005733,3.40902,3.38298,132.7600768,23,25.70763129,63.98,20,Adult,20,0.121
r2-3-OLD-OLD,121.8956733,0.9744,20.9,7,16,19.8,18.6,3,121,0.271,0.165927038,0.068,21.31,125.4005733,3.40902,3.38298,132.7600768,23,25.70763129,63.98,21,Adult,21,0.121
r2-3-OLD-OLD,128.3909819,0.8767,22,7,16,19.8,18.6,3,121,0.255,0.165927038,0.068,21.31,125.4005733,3.40902,3.38298,132.7600768,23,25.70763129,63.98,22,Adult,22,0.121
r2-3-OLD-OLD,132.7600768,0.9124,23,7,16,19.8,18.6,3,121,0.258,0.165927038,0.068,21.31,125.4005733,3.40902,3.38298,132.7600768,23,25.70763129,63.98,23,Adult,23,0.121
r2-3-OLD-OLD,128.8447125,0.7728,23.95,7,16,19.8,18.6,3,121,0.257,0.165927038,0.068,21.31,125.4005733,3.40902,3.38298,132.7600768,23,25.70763129,63.98,24,Adult,24,0.121
r2-1-RLTT,87.75404694,0.5204,16,3.7,8.2,10.6,9.7,1,18.32,0.291,0.165927038,0.014,21.25,123.0722373,3.40608,3.38732,123.269341,23,24.22590284,55.05,16,Juvenile,16,0.01832
r2-1-RLTT,93.13181803,0.5533,16.95,3.7,8.2,10.6,9.7,1,18.32,0.257,0.165927038,0.014,21.25,123.0722373,3.40608,3.38732,123.269341,23,24.22590284,55.05,17,Juvenile,17,0.01832
r2-1-RLTT,101.3264144,0.2792,18,3.7,8.2,10.6,9.7,1,18.32,0.287,0.165927038,0.014,21.25,123.0722373,3.40608,3.38732,123.269341,23,24.22590284,55.05,18,Juvenile,18,0.01832
r2-1-RLTT,107.7835353,0.2829,19,3.7,8.2,10.6,9.7,1,18.32,0.265,0.165927038,0.014,21.25,123.0722373,3.40608,3.38732,123.269341,23,24.22590284,55.05,19,Juvenile,19,0.01832
r2-1-RLTT,114.0928187,0.6182,20.1,3.7,8.2,10.6,9.7,1,18.32,0.262,0.165927038,0.014,21.25,123.0722373,3.40608,3.38732,123.269341,23,24.22590284,55.05,20,Juvenile,20,0.01832
r2-1-RLTT,119.6676445,0.4862,20.9,3.7,8.2,10.6,9.7,1,18.32,0.271,0.165927038,0.014,21.25,123.0722373,3.40608,3.38732,123.269341,23,24.22590284,55.05,21,Juvenile,21,0.01832
r2-1-RLTT,123.1554002,0.7174,22,3.7,8.2,10.6,9.7,1,18.32,0.255,0.165927038,0.014,21.25,123.0722373,3.40608,3.38732,123.269341,23,24.22590284,55.05,22,Juvenile,22,0.01832
r2-1-RLTT,123.269341,0.841,23,3.7,8.2,10.6,9.7,1,18.32,0.258,0.165927038,0.014,21.25,123.0722373,3.40608,3.38732,123.269341,23,24.22590284,55.05,23,Juvenile,23,0.01832
r2-1-RLTT,119.2205063,1.1408,23.95,3.7,8.2,10.6,9.7,1,18.32,0.257,0.165927038,0.014,21.25,123.0722373,3.40608,3.38732,123.269341,23,24.22590284,55.05,24,Juvenile,24,0.01832